ean;produktname;marke;inhalt;kategorie;status;quelle;datenstand
4316268687140;Bergkäse Kräuter italienische Art;BioBio;200 g;;"öffentlich belegte Eigenmarke; Pflicht-/Dauerstatus nicht intern verifiziert";"Open Food Facts / identitaetskennzeichen.de; Netto Markenwelt";2026-09
4316268693646;Bio Bierschinken;BioBio;80 g;;"öffentlich belegte Eigenmarke; Pflicht-/Dauerstatus nicht intern verifiziert";"Open Food Facts / identitaetskennzeichen.de; Netto Markenwelt";2026-09
4316268430814;Bio Joghurt pur;BioBio;150 g;;"öffentlich belegter Netto-Artikel; interner Pflichtartikelstatus nicht öffentlich verifizierbar";Open Food Facts via identitaetskennzeichen.de;2026-09-10
4316268654609;Bio Kasseler;BioBio;100 g;;"öffentlich belegte Eigenmarke; Pflicht-/Dauerstatus nicht intern verifiziert";"Open Food Facts / identitaetskennzeichen.de; Netto Markenwelt";2026-09
4316268458450;Bergkäse;BioBio;150 g;cheese;EAN aus Buycott, nicht verifiziert;Buycott;2026-09-24
4316268693561;Bio-Gelbwurst;BioBio;100 g;;"öffentlich belegte Eigenmarke; Pflicht-/Dauerstatus nicht intern verifiziert";"Open Food Facts / identitaetskennzeichen.de; Netto Markenwelt";2026-09
4316268700337;Bio-Schlemmerschinken;BioBio;100 g;;"öffentlich belegte Eigenmarke; Pflicht-/Dauerstatus nicht intern verifiziert";"Open Food Facts / identitaetskennzeichen.de; Netto Markenwelt";2026-09
4316268613033;Bockwürstchen;BioBio;180 g;;"öffentlich belegte Eigenmarke; Pflicht-/Dauerstatus nicht intern verifiziert";"Open Food Facts / identitaetskennzeichen.de; Netto Markenwelt";2026-09
4316268602662;Cremiger Bio-Joghurt mild 3,8%;BioBio;500 g;;"öffentlich belegte Eigenmarke; Pflicht-/Dauerstatus nicht intern verifiziert";"Open Food Facts / identitaetskennzeichen.de; Netto Markenwelt";2026-09
4316268701297;Cremiger Bio-Joghurt mild 3,8%;BioBio;500 g;;"öffentlich belegte Eigenmarke; Pflicht-/Dauerstatus nicht intern verifiziert";"Open Food Facts / identitaetskennzeichen.de; Netto Markenwelt";2026-09
4316268695466;Feiner Leberkäse;BioBio;125 g;;"öffentlich belegte Eigenmarke; Pflicht-/Dauerstatus nicht intern verifiziert";"Open Food Facts / identitaetskennzeichen.de; Netto Markenwelt";2026-09
4316268661850;Fettarme Frischmilch;BioBio;1 l;;"öffentlich belegte Eigenmarke; Pflicht-/Dauerstatus nicht intern verifiziert";"Open Food Facts / identitaetskennzeichen.de; Netto Markenwelt";2026-09
4316268655385;Fettarme Frischmilch 1,5%;BioBio;1 l;;"öffentlich belegte Eigenmarke; Pflicht-/Dauerstatus nicht intern verifiziert";"Open Food Facts / identitaetskennzeichen.de; Netto Markenwelt";2026-09
4316268003247;Fettarme H-Milch 1,5%;BioBio;1 l;;"öffentlich belegte Eigenmarke; Pflicht-/Dauerstatus nicht intern verifiziert";"Open Food Facts / identitaetskennzeichen.de; Netto Markenwelt";2026-09
4316268701273;Fettarmer Bio-Joghurt mild 1,8%;BioBio;500 g;;"öffentlich belegte Eigenmarke; Pflicht-/Dauerstatus nicht intern verifiziert";"Open Food Facts / identitaetskennzeichen.de; Netto Markenwelt";2026-09
4316268700290;Fettarmer Joghurt 1,8%;BioBio;500 g;;"öffentlich belegte Eigenmarke; Pflicht-/Dauerstatus nicht intern verifiziert";"Open Food Facts / identitaetskennzeichen.de; Netto Markenwelt";2026-09
4316268626842;Frische Vollmilch;BioBio;1 l;;"öffentlich belegte Eigenmarke; Pflicht-/Dauerstatus nicht intern verifiziert";"Open Food Facts / identitaetskennzeichen.de; Netto Markenwelt";2026-09
4316268673884;Frische Vollmilch;BioBio;1 l;;"öffentlich belegte Eigenmarke; Pflicht-/Dauerstatus nicht intern verifiziert";"Open Food Facts / identitaetskennzeichen.de; Netto Markenwelt";2026-09
4316268694254;Frische Vollmilch 3,8%;BioBio;1 l;;"öffentlich belegter Netto-Artikel; interner Pflichtartikelstatus nicht öffentlich verifizierbar";Open Food Facts via identitaetskennzeichen.de;2026-09-10
4316268414975;Frische fettarme Milch;BioBio;1 l;;"öffentlich belegte Eigenmarke; Pflicht-/Dauerstatus nicht intern verifiziert";"Open Food Facts / identitaetskennzeichen.de; Netto Markenwelt";2026-09
4316268629089;Frische fettarme Milch;BioBio;1 l;;"öffentlich belegte Eigenmarke; Pflicht-/Dauerstatus nicht intern verifiziert";"Open Food Facts / identitaetskennzeichen.de; Netto Markenwelt";2026-09
42457527;Frucht Quark Himbeere;BioBio;150 g;;"öffentlich belegte Eigenmarke; Pflicht-/Dauerstatus nicht intern verifiziert";"Open Food Facts / identitaetskennzeichen.de; Netto Markenwelt";2026-09
42457534;Frucht Quark Pfirsich-Mango-Maracuja;BioBio;150 g;;"öffentlich belegte Eigenmarke; Pflicht-/Dauerstatus nicht intern verifiziert";"Open Food Facts / identitaetskennzeichen.de; Netto Markenwelt";2026-09
4316268609982;Fruchtjoghurt;BioBio;400 g;;"öffentlich belegter Netto-Artikel; interner Pflichtartikelstatus nicht öffentlich verifizierbar";Open Food Facts via identitaetskennzeichen.de;2026-09-10
4316268609968;Fruchtjoghurt Kirsche;BioBio;400 g;;"öffentlich belegter Netto-Artikel; interner Pflichtartikelstatus nicht öffentlich verifizierbar";Open Food Facts via identitaetskennzeichen.de;2026-09-10
4316268521437;Fruchtjoghurt Pfirsich-Maracuja;BioBio;150 g;;"öffentlich belegter Netto-Artikel; interner Pflichtartikelstatus nicht öffentlich verifizierbar";Open Food Facts via identitaetskennzeichen.de;2026-09-10
4316268609999;Fruchtjoghurt Pfirsich-Maracuja;BioBio;400 g;;"öffentlich belegter Netto-Artikel; interner Pflichtartikelstatus nicht öffentlich verifizierbar";Open Food Facts via identitaetskennzeichen.de;2026-09-10
4316268414111;Gouda Schnittkäse in Scheiben;BioBio;200 g;;"öffentlich belegte Eigenmarke; Pflicht-/Dauerstatus nicht intern verifiziert";"Open Food Facts / identitaetskennzeichen.de; Netto Markenwelt";2026-09
42390763;Gouda in Scheiben;BioBio;;;"öffentlich belegte Eigenmarke; Pflicht-/Dauerstatus nicht intern verifiziert";"Open Food Facts / identitaetskennzeichen.de; Netto Markenwelt";2026-09
4316268630511;Gouda in Scheiben;BioBio;200 g;;"öffentlich belegte Eigenmarke; Pflicht-/Dauerstatus nicht intern verifiziert";"Open Food Facts / identitaetskennzeichen.de; Netto Markenwelt";2026-09
4316268690010;Gouda in Scheiben 48%;BioBio;200 g;;"öffentlich belegte Eigenmarke; Pflicht-/Dauerstatus nicht intern verifiziert";"Open Food Facts / identitaetskennzeichen.de; Netto Markenwelt";2026-09
4316268598316;H-Vollmilch;BioBio;1 l;;"öffentlich belegte Eigenmarke; Pflicht-/Dauerstatus nicht intern verifiziert";"Open Food Facts / identitaetskennzeichen.de; Netto Markenwelt";2026-09
4316268702751;Haltbare Vollmilch 3,8%;BioBio;1 l;;"öffentlich belegte Eigenmarke; Pflicht-/Dauerstatus nicht intern verifiziert";"Open Food Facts / identitaetskennzeichen.de; Netto Markenwelt";2026-09
4316268424059;Joghurt mild fettarm;BioBio;500 g;;"öffentlich belegte Eigenmarke; Pflicht-/Dauerstatus nicht intern verifiziert";"Open Food Facts / identitaetskennzeichen.de; Netto Markenwelt";2026-09
4316268660198;Kräuterquark;BioBio;200 g;;"öffentlich belegte Eigenmarke; Pflicht-/Dauerstatus nicht intern verifiziert";"Open Food Facts / identitaetskennzeichen.de; Netto Markenwelt";2026-09
4316268630528;Maasdamer;BioBio;200 g;;"öffentlich belegte Eigenmarke; Pflicht-/Dauerstatus nicht intern verifiziert";"Open Food Facts / identitaetskennzeichen.de; Netto Markenwelt";2026-09
42260868;Mango Lassi;BioBio;250 g;;"öffentlich belegte Eigenmarke; Pflicht-/Dauerstatus nicht intern verifiziert";"Open Food Facts / identitaetskennzeichen.de; Netto Markenwelt";2026-09
42381761;Panna Cotta mit Mangosauce;BioBio;110 g;;"öffentlich belegte Eigenmarke; Pflicht-/Dauerstatus nicht intern verifiziert";"Open Food Facts / identitaetskennzeichen.de; Netto Markenwelt";2026-09
4316268693608;Paprika Lyoner;BioBio;100 g;;"öffentlich belegte Eigenmarke; Pflicht-/Dauerstatus nicht intern verifiziert";"Open Food Facts / identitaetskennzeichen.de; Netto Markenwelt";2026-09
4316268695480;Pfefferbeisser geräuchert;BioBio;100 g;;"öffentlich belegte Eigenmarke; Pflicht-/Dauerstatus nicht intern verifiziert";"Open Food Facts / identitaetskennzeichen.de; Netto Markenwelt";2026-09
42390879;Pur Joghurt Birne-Apfel;BioBio;150 g;;"öffentlich belegter Netto-Artikel; interner Pflichtartikelstatus nicht öffentlich verifizierbar";Open Food Facts via identitaetskennzeichen.de;2026-09-10
42390862;Pur Joghurt Erdbeere-Apfel-Johannisbeere;BioBio;150 g;;"öffentlich belegter Netto-Artikel; interner Pflichtartikelstatus nicht öffentlich verifizierbar";Open Food Facts via identitaetskennzeichen.de;2026-09-10
42390886;Pur Joghurt Mango-Banane;BioBio;150 g;;"öffentlich belegter Netto-Artikel; interner Pflichtartikelstatus nicht öffentlich verifizierbar";Open Food Facts via identitaetskennzeichen.de;2026-09-10
42390855;Pur Joghurt Rote Früchte;BioBio;150 g;;"öffentlich belegter Netto-Artikel; interner Pflichtartikelstatus nicht öffentlich verifizierbar";Open Food Facts via identitaetskennzeichen.de;2026-09-10
4316268564236;Saure Sahne;BioBio;200 g;;"öffentlich belegte Eigenmarke; Pflicht-/Dauerstatus nicht intern verifiziert";"Open Food Facts / identitaetskennzeichen.de; Netto Markenwelt";2026-09
42395911;Schlagsahne;BioBio;200 g;;"öffentlich belegter Netto-Artikel; interner Pflichtartikelstatus nicht öffentlich verifizierbar";Open Food Facts via identitaetskennzeichen.de;2026-09-10
4316268648042;Schmand;BioBio;150 g;;"öffentlich belegte Eigenmarke; Pflicht-/Dauerstatus nicht intern verifiziert";"Open Food Facts / identitaetskennzeichen.de; Netto Markenwelt";2026-09
42255772;Speisequark;BioBio;250 g;;"öffentlich belegte Eigenmarke; Pflicht-/Dauerstatus nicht intern verifiziert";"Open Food Facts / identitaetskennzeichen.de; Netto Markenwelt";2026-09
42457480;Speisequark;BioBio;250 g;;"öffentlich belegte Eigenmarke; Pflicht-/Dauerstatus nicht intern verifiziert";"Open Food Facts / identitaetskennzeichen.de; Netto Markenwelt";2026-09
42316947;Speisequark Magerstufe;BioBio;250 g;dairy;EAN aus Open Food Facts;Open Food Facts;2026-09-24
4316268414296;Steinofen Pizza Salami-Rucola;BioBio;340 g;;"öffentlich belegte Eigenmarke; Pflicht-/Dauerstatus nicht intern verifiziert";"Open Food Facts / identitaetskennzeichen.de; Netto Markenwelt";2026-09
4316268392839;Süßrahmbutter;BioBio;250 g;dairy;EAN aus Buycott, nicht verifiziert;Buycott;2026-09-24
4316268609975;Vanille Joghurt;BioBio;400 g;;"öffentlich belegter Netto-Artikel; interner Pflichtartikelstatus nicht öffentlich verifizierbar";Open Food Facts via identitaetskennzeichen.de;2026-09-10
4316268521413;Vanillejoghurt;BioBio;150 g;;"öffentlich belegter Netto-Artikel; interner Pflichtartikelstatus nicht öffentlich verifizierbar";Open Food Facts via identitaetskennzeichen.de;2026-09-10
4316268610513;Wiener Würstchen;BioBio;200 g;;"öffentlich belegte Eigenmarke; Pflicht-/Dauerstatus nicht intern verifiziert";"Open Food Facts / identitaetskennzeichen.de; Netto Markenwelt";2026-09
4316268695442;Wiener Würstchen geräuchert;BioBio;200 g;;"öffentlich belegte Eigenmarke; Pflicht-/Dauerstatus nicht intern verifiziert";"Open Food Facts / identitaetskennzeichen.de; Netto Markenwelt";2026-09
4004951056495;Bayerisches Leberkäsbrät;Gut Ponholz;500 g;;"öffentlich belegter Netto-Artikel; interner Pflichtartikelstatus nicht öffentlich verifizierbar";Open Food Facts via identitaetskennzeichen.de;2026-09-10
4019474662801;Beinscheiben;Gut Ponholz;;;"öffentlich belegter Netto-Artikel; interner Pflichtartikelstatus nicht öffentlich verifizierbar";Open Food Facts via identitaetskennzeichen.de;2026-09-10
4004951058864;Bratwurst grob roh;Gut Ponholz;280 g;;"öffentlich belegter Netto-Artikel; interner Pflichtartikelstatus nicht öffentlich verifizierbar";Open Food Facts via identitaetskennzeichen.de;2026-09-10
4052485408488;Frisch vom Hähnchen;Gut Ponholz;400 g;meat_fish;EAN aus Open Food Facts;Open Food Facts;2026-09-24
4004951037081;Gemischtes Hackfleisch;Gut Ponholz;500 g;;"öffentlich belegter Netto-Artikel; interner Pflichtartikelstatus nicht öffentlich verifizierbar";Open Food Facts via identitaetskennzeichen.de;2026-09-10
4019474611571;Gulasch;Gut Ponholz;500 g;;"öffentlich belegter Netto-Artikel; interner Pflichtartikelstatus nicht öffentlich verifizierbar";Open Food Facts via identitaetskennzeichen.de;2026-09-10
4015051097264;Hackfleisch Rind;Gut Ponholz;500 g;;"öffentlich belegter Netto-Artikel; interner Pflichtartikelstatus nicht öffentlich verifizierbar";Open Food Facts via identitaetskennzeichen.de;2026-09-10
4015051095802;Hackfleisch gemischt;Gut Ponholz;800 g;;"öffentlich belegter Netto-Artikel; interner Pflichtartikelstatus nicht öffentlich verifizierbar";Open Food Facts via identitaetskennzeichen.de;2026-09-10
4015051097882;Hackfleisch gemischt;Gut Ponholz;500 g;;"öffentlich belegter Netto-Artikel; interner Pflichtartikelstatus nicht öffentlich verifizierbar";Open Food Facts via identitaetskennzeichen.de;2026-09-10
4019474663853;Hackfleisch gemischt;Gut Ponholz;400 g;;"öffentlich belegter Netto-Artikel; interner Pflichtartikelstatus nicht öffentlich verifizierbar";Open Food Facts via identitaetskennzeichen.de;2026-09-10
4000789177159;Hähnchen Schenkel;Gut Ponholz;1100 g;;"öffentlich belegter Netto-Artikel; interner Pflichtartikelstatus nicht öffentlich verifizierbar";Open Food Facts via identitaetskennzeichen.de;2026-09-10
4000789388739;Hähnchen-Innenfilets;Gut Ponholz;400 g;;"öffentlich belegter Netto-Artikel; interner Pflichtartikelstatus nicht öffentlich verifizierbar";Open Food Facts via identitaetskennzeichen.de;2026-09-10
4000789425809;Hähnchenflügel;Gut Ponholz;;;"öffentlich belegter Netto-Artikel; interner Pflichtartikelstatus nicht öffentlich verifizierbar";Open Food Facts via identitaetskennzeichen.de;2026-09-10
4003875041006;Hähnchengeschnetzeltes;Gut Ponholz;400 g;;"öffentlich belegter Netto-Artikel; interner Pflichtartikelstatus nicht öffentlich verifizierbar";Open Food Facts via identitaetskennzeichen.de;2026-09-10
4052485406477;Innenfilet;Gut Ponholz;350 g;;"öffentlich belegter Netto-Artikel; interner Pflichtartikelstatus nicht öffentlich verifizierbar";Open Food Facts via identitaetskennzeichen.de;2026-09-10
4018294858838;Minutensteak;Gut Ponholz;320 g;;"öffentlich belegter Netto-Artikel; interner Pflichtartikelstatus nicht öffentlich verifizierbar";Open Food Facts via identitaetskennzeichen.de;2026-09-10
4015051028817;Minutensteaks vom Schwein;Gut Ponholz;240 g;;"öffentlich belegter Netto-Artikel; interner Pflichtartikelstatus nicht öffentlich verifizierbar";Open Food Facts via identitaetskennzeichen.de;2026-09-10
4015051038816;Minutensteaks vom Schwein;Gut Ponholz;400 g;;"öffentlich belegter Netto-Artikel; interner Pflichtartikelstatus nicht öffentlich verifizierbar";Open Food Facts via identitaetskennzeichen.de;2026-09-10
4058204561038;Putenbrust-Geschnetzeltes;Gut Ponholz;400 g;;"öffentlich belegter Netto-Artikel; interner Pflichtartikelstatus nicht öffentlich verifizierbar";Open Food Facts via identitaetskennzeichen.de;2026-09-10
4043362500326;Rindergulasch;Gut Ponholz;;;"öffentlich belegter Netto-Artikel; interner Pflichtartikelstatus nicht öffentlich verifizierbar";Open Food Facts via identitaetskennzeichen.de;2026-09-10
4004951056419;Schinken-Gulasch;Gut Ponholz;500 g;;"öffentlich belegter Netto-Artikel; interner Pflichtartikelstatus nicht öffentlich verifizierbar";Open Food Facts via identitaetskennzeichen.de;2026-09-10
4019474680669;Schinkengulasch;Gut Ponholz;500 g;;"öffentlich belegter Netto-Artikel; interner Pflichtartikelstatus nicht öffentlich verifizierbar";Open Food Facts via identitaetskennzeichen.de;2026-09-10
4015051034603;Schinkengulasch vom Schwein;Gut Ponholz;500 g;;"öffentlich belegter Netto-Artikel; interner Pflichtartikelstatus nicht öffentlich verifizierbar";Open Food Facts via identitaetskennzeichen.de;2026-09-10
4316268490368;4-Korn Joghurt;Gutes Land;250 g;;"öffentlich belegter Netto-Artikel; interner Pflichtartikelstatus nicht öffentlich verifizierbar";Open Food Facts via identitaetskennzeichen.de;2026-09-10
4316268490375;4-Korn Joghurt Apfel-Banane;Gutes Land;250 g;;"öffentlich belegter Netto-Artikel; interner Pflichtartikelstatus nicht öffentlich verifizierbar";Open Food Facts via identitaetskennzeichen.de;2026-09-10
4316268490399;4-Korn Joghurt Bircher Müsli;Gutes Land;250 g;;"öffentlich belegter Netto-Artikel; interner Pflichtartikelstatus nicht öffentlich verifizierbar";Open Food Facts via identitaetskennzeichen.de;2026-09-10
4316268490382;4-Korn Joghurt Erdbeer-Rhabarber;Gutes Land;250 g;;"öffentlich belegter Netto-Artikel; interner Pflichtartikelstatus nicht öffentlich verifizierbar";Open Food Facts via identitaetskennzeichen.de;2026-09-10
4316268524049;Bayerischer Limburger;Gutes Land;200 g;;"öffentlich belegter Netto-Artikel; interner Pflichtartikelstatus nicht öffentlich verifizierbar";Open Food Facts via identitaetskennzeichen.de;2026-09-10
4316268571647;Butterkäse;Gutes Land;400 g;;"öffentlich belegter Netto-Artikel; interner Pflichtartikelstatus nicht öffentlich verifizierbar";Open Food Facts via identitaetskennzeichen.de;2026-09-10
4316268488259;Buttermilch;Gutes Land;500 g;;"öffentlich belegter Netto-Artikel; interner Pflichtartikelstatus nicht öffentlich verifizierbar";Open Food Facts via identitaetskennzeichen.de;2026-09-10
42305972;Buttermilch Dessert;Gutes Land;200 g;;"öffentlich belegter Netto-Artikel; interner Pflichtartikelstatus nicht öffentlich verifizierbar";Open Food Facts via identitaetskennzeichen.de;2026-09-10
42305941;Buttermilch-Dessert Zitrone-Limette;Gutes Land;200 g;;"öffentlich belegter Netto-Artikel; interner Pflichtartikelstatus nicht öffentlich verifizierbar";Open Food Facts via identitaetskennzeichen.de;2026-09-10
42305958;Buttermilchdessert Rhabarber;Gutes Land;200 g;;"öffentlich belegter Netto-Artikel; interner Pflichtartikelstatus nicht öffentlich verifizierbar";Open Food Facts via identitaetskennzeichen.de;2026-09-10
4316268627276;Deutsche Markenbutter Süßrahm;Gutes Land;250 g;;"öffentlich belegter Netto-Artikel; interner Pflichtartikelstatus nicht öffentlich verifizierbar";Open Food Facts via identitaetskennzeichen.de;2026-09-10
4316268627283;Deutsche Markenbutter mildgesäuert;Gutes Land;250 g;;"öffentlich belegter Netto-Artikel; interner Pflichtartikelstatus nicht öffentlich verifizierbar";Open Food Facts via identitaetskennzeichen.de;2026-09-10
4316268474405;Fettarme H-Milch;Gutes Land;1 l;;"öffentlich belegter Netto-Artikel; interner Pflichtartikelstatus nicht öffentlich verifizierbar";Open Food Facts via identitaetskennzeichen.de;2026-09-10
42306351;Fettarmer Fruchtjoghurt;Gutes Land;250 g;;"öffentlich belegter Netto-Artikel; interner Pflichtartikelstatus nicht öffentlich verifizierbar";Open Food Facts via identitaetskennzeichen.de;2026-09-10
4316268519359;Fettarmer Joghurt Pfirsich-Mango;Gutes Land;250 g;dairy;EAN aus Open Food Facts;Open Food Facts;2026-09-24
4316268592901;Fettarmer Joghurt mild;Gutes Land;500 g;dairy;EAN aus Open Food Facts;Open Food Facts;2026-09-24
42314714;Fruchtjoghurt;Gutes Land;250 g;;"öffentlich belegter Netto-Artikel; interner Pflichtartikelstatus nicht öffentlich verifizierbar";Open Food Facts via identitaetskennzeichen.de;2026-09-10
4316268656276;Fruchtjoghurt Erdbeere 3,8%;Gutes Land;8 x 150 g;;"öffentlich belegter Netto-Artikel; interner Pflichtartikelstatus nicht öffentlich verifizierbar";Open Food Facts via identitaetskennzeichen.de;2026-09-10
42306368;Fruchtjoghurt Heidelbeer-Vanille;Gutes Land;250 g;;"öffentlich belegter Netto-Artikel; interner Pflichtartikelstatus nicht öffentlich verifizierbar";Open Food Facts via identitaetskennzeichen.de;2026-09-10
42314691;Fruchtjoghurt Pfirsich-Mango;Gutes Land;250 g;;"öffentlich belegter Netto-Artikel; interner Pflichtartikelstatus nicht öffentlich verifizierbar";Open Food Facts via identitaetskennzeichen.de;2026-09-10
4316268475143;Gouda gerieben;Gutes Land;200 g;;"öffentlich belegter Netto-Artikel; interner Pflichtartikelstatus nicht öffentlich verifizierbar";Open Food Facts via identitaetskennzeichen.de;2026-09-10
4316268415699;Gouda gerieben 45%;Gutes Land;200 g;;"öffentlich belegter Netto-Artikel; interner Pflichtartikelstatus nicht öffentlich verifizierbar";Open Food Facts via identitaetskennzeichen.de;2026-09-10
42314882;Gourmet Fruchtjoghurt Ananas;Gutes Land;200 g;;"öffentlich belegter Netto-Artikel; interner Pflichtartikelstatus nicht öffentlich verifizierbar";Open Food Facts via identitaetskennzeichen.de;2026-09-10
42306405;Gourmet Fruchtjoghurt Himbeere;Gutes Land;200 g;;"öffentlich belegter Netto-Artikel; interner Pflichtartikelstatus nicht öffentlich verifizierbar";Open Food Facts via identitaetskennzeichen.de;2026-09-10
42306375;Gourmet-Fruchtjoghurt Erdbeere;Gutes Land;200 g;;"öffentlich belegter Netto-Artikel; interner Pflichtartikelstatus nicht öffentlich verifizierbar";Open Food Facts via identitaetskennzeichen.de;2026-09-10
42299189;H-Schlagsahne;Gutes Land;200 g;;"öffentlich belegter Netto-Artikel; interner Pflichtartikelstatus nicht öffentlich verifizierbar";Open Food Facts via identitaetskennzeichen.de;2026-09-10
42381693;H-Schlagsahne;Gutes Land;200 g;;"öffentlich belegter Netto-Artikel; interner Pflichtartikelstatus nicht öffentlich verifizierbar";Open Food Facts via identitaetskennzeichen.de;2026-09-10
4316268417075;H-Vollmilch;Gutes Land;1 l;;"öffentlich belegter Netto-Artikel; interner Pflichtartikelstatus nicht öffentlich verifizierbar";Open Food Facts via identitaetskennzeichen.de;2026-09-10
4316268474382;Haltbare Vollmilch 3,5%;Netto;1 l;dairy;EAN aus Buycott, nicht verifiziert;Buycott;2026-09-24
4316268617727;H-Vollmilch;Gutes Land;1 l;;"öffentlich belegter Netto-Artikel; interner Pflichtartikelstatus nicht öffentlich verifizierbar";Open Food Facts via identitaetskennzeichen.de;2026-09-10
4316268532662;H-Vollmilch 3,5%;Gutes Land;1 l;;"öffentlich belegter Netto-Artikel; interner Pflichtartikelstatus nicht öffentlich verifizierbar";Open Food Facts via identitaetskennzeichen.de;2026-09-10
4316268608756;Haltbarer Schmand;Gutes Land;200 g;;"öffentlich belegter Netto-Artikel; interner Pflichtartikelstatus nicht öffentlich verifizierbar";Open Food Facts via identitaetskennzeichen.de;2026-09-10
4316268661102;High Protein Himbeer-Granatapfel;Gutes Land;200 g;;"öffentlich belegter Netto-Artikel; interner Pflichtartikelstatus nicht öffentlich verifizierbar";Open Food Facts via identitaetskennzeichen.de;2026-09-10
4316268515733;Joghurt;Gutes Land;500 g;;"öffentlich belegter Netto-Artikel; interner Pflichtartikelstatus nicht öffentlich verifizierbar";Open Food Facts via identitaetskennzeichen.de;2026-09-10
42317326;Joghurt Mix;Gutes Land;175 g;;"öffentlich belegter Netto-Artikel; interner Pflichtartikelstatus nicht öffentlich verifizierbar";Open Food Facts via identitaetskennzeichen.de;2026-09-10
42317357;Joghurt Mix;Gutes Land;175 g;;"öffentlich belegter Netto-Artikel; interner Pflichtartikelstatus nicht öffentlich verifizierbar";Open Food Facts via identitaetskennzeichen.de;2026-09-10
42436218;Joghurt Mix Banane & Schokoflakes;Gutes Land;175 g;;"öffentlich belegter Netto-Artikel; interner Pflichtartikelstatus nicht öffentlich verifizierbar";Open Food Facts via identitaetskennzeichen.de;2026-09-10
42436232;Joghurt Mix Kirsche & Schokoloops;Gutes Land;175 g;;"öffentlich belegter Netto-Artikel; interner Pflichtartikelstatus nicht öffentlich verifizierbar";Open Food Facts via identitaetskennzeichen.de;2026-09-10
42436256;Joghurt Mix Sahnecreme & Waffelsticks;Gutes Land;175 g;;"öffentlich belegter Netto-Artikel; interner Pflichtartikelstatus nicht öffentlich verifizierbar";Open Food Facts via identitaetskennzeichen.de;2026-09-10
42317333;Joghurt Mix Vanille & Keks;Gutes Land;175 g;;"öffentlich belegter Netto-Artikel; interner Pflichtartikelstatus nicht öffentlich verifizierbar";Open Food Facts via identitaetskennzeichen.de;2026-09-10
42436249;Joghurt Mix Vanille & Keks;Gutes Land;175 g;;"öffentlich belegter Netto-Artikel; interner Pflichtartikelstatus nicht öffentlich verifizierbar";Open Food Facts via identitaetskennzeichen.de;2026-09-10
42356523;Joghurt Mix Vanille & Schokopearls;Gutes Land;175 g;;"öffentlich belegter Netto-Artikel; interner Pflichtartikelstatus nicht öffentlich verifizierbar";Open Food Facts via identitaetskennzeichen.de;2026-09-10
42436201;Joghurt Mix Vanille & Schokopearls;Gutes Land;175 g;;"öffentlich belegter Netto-Artikel; interner Pflichtartikelstatus nicht öffentlich verifizierbar";Open Food Facts via identitaetskennzeichen.de;2026-09-10
4316268514859;Kondensmilch;Gutes Land;340 g;;"öffentlich belegter Netto-Artikel; interner Pflichtartikelstatus nicht öffentlich verifizierbar";Open Food Facts via identitaetskennzeichen.de;2026-09-10
4316268613835;Kondensmilch;Gutes Land;340 g;;"öffentlich belegter Netto-Artikel; interner Pflichtartikelstatus nicht öffentlich verifizierbar";Open Food Facts via identitaetskennzeichen.de;2026-09-10
4316268613842;Kondensmilch;Gutes Land;340 g;;"öffentlich belegter Netto-Artikel; interner Pflichtartikelstatus nicht öffentlich verifizierbar";Open Food Facts via identitaetskennzeichen.de;2026-09-10
4316268571661;Käseaufschnitt;Gutes Land;250 g;;"öffentlich belegter Netto-Artikel; interner Pflichtartikelstatus nicht öffentlich verifizierbar";Open Food Facts via identitaetskennzeichen.de;2026-09-10
4316268612029;Margarine gesalzen;Gutes Land;250 g;;"öffentlich belegter Netto-Artikel; interner Pflichtartikelstatus nicht öffentlich verifizierbar";Open Food Facts via identitaetskennzeichen.de;2026-09-10
4316268532648;Milch;Gutes Land;1 l;;"öffentlich belegter Netto-Artikel; interner Pflichtartikelstatus nicht öffentlich verifizierbar";Open Food Facts via identitaetskennzeichen.de;2026-09-10
4316268415675;Pizzakäse;Gutes Land;200 g;;"öffentlich belegter Netto-Artikel; interner Pflichtartikelstatus nicht öffentlich verifizierbar";Open Food Facts via identitaetskennzeichen.de;2026-09-10
4316268475129;Pizzakäse;Gutes Land;200 g;;"öffentlich belegter Netto-Artikel; interner Pflichtartikelstatus nicht öffentlich verifizierbar";Open Food Facts via identitaetskennzeichen.de;2026-09-10
4316268482349;Quarkiger Genuss Erdbeer;Gutes Land;500 g;;"öffentlich belegter Netto-Artikel; interner Pflichtartikelstatus nicht öffentlich verifizierbar";Open Food Facts via identitaetskennzeichen.de;2026-09-10
4316268482356;Quarkiger Genuss Vanille;Gutes Land;500 g;;"öffentlich belegter Netto-Artikel; interner Pflichtartikelstatus nicht öffentlich verifizierbar";Open Food Facts via identitaetskennzeichen.de;2026-09-10
42317319;Sahnekefir Ananas;Gutes Land;250 g;;"öffentlich belegter Netto-Artikel; interner Pflichtartikelstatus nicht öffentlich verifizierbar";Open Food Facts via identitaetskennzeichen.de;2026-09-10
42317296;Sahnekefir Erdbeere;Gutes Land;250 g;;"öffentlich belegter Netto-Artikel; interner Pflichtartikelstatus nicht öffentlich verifizierbar";Open Food Facts via identitaetskennzeichen.de;2026-09-10
42317302;Sahnekefir Pfirsich-Maracuja;Gutes Land;250 g;;"öffentlich belegter Netto-Artikel; interner Pflichtartikelstatus nicht öffentlich verifizierbar";Open Food Facts via identitaetskennzeichen.de;2026-09-10
42317289;Sahnekefir Rote Grütze;Gutes Land;250 g;;"öffentlich belegter Netto-Artikel; interner Pflichtartikelstatus nicht öffentlich verifizierbar";Open Food Facts via identitaetskennzeichen.de;2026-09-10
4316268478380;Schoko Drink;Gutes Land;500 ml;dairy;EAN aus Open Food Facts;Open Food Facts;2026-09-24
4316268598521;Schoko Drink;Gutes Land;500 ml;;"öffentlich belegter Netto-Artikel; interner Pflichtartikelstatus nicht öffentlich verifizierbar";Open Food Facts via identitaetskennzeichen.de;2026-09-10
4316268582346;Tilsiter;Gutes Land;400 g;;"öffentlich belegter Netto-Artikel; interner Pflichtartikelstatus nicht öffentlich verifizierbar";Open Food Facts via identitaetskennzeichen.de;2026-09-10
4316268711289;Burger mit Trüffelgeschmack;Lieblings;230 g;;"öffentlich belegte Eigenmarke; Pflicht-/Dauerstatus nicht intern verifiziert";"Open Food Facts / identitaetskennzeichen.de; Netto Markenwelt";2026-09
4316268665629;Fleischsalat;Lieblings;200 g;;"öffentlich belegte Eigenmarke; Pflicht-/Dauerstatus nicht intern verifiziert";"Open Food Facts / identitaetskennzeichen.de; Netto Markenwelt";2026-09
4316268665643;Fleischsalat mit Kräutern und eingelegten Gurken;Lieblings;200 g;;"öffentlich belegte Eigenmarke; Pflicht-/Dauerstatus nicht intern verifiziert";"Open Food Facts / identitaetskennzeichen.de; Netto Markenwelt";2026-09
42508939;Frischkäsezubereitung mit Schwarzwälder Schinken;Lieblings;90 g;;"öffentlich belegte Eigenmarke; Pflicht-/Dauerstatus nicht intern verifiziert";"Open Food Facts / identitaetskennzeichen.de; Netto Markenwelt";2026-09
42508908;Frischkäsezubereitung mit Steinpilzstücken;Lieblings;90 g;;"öffentlich belegte Eigenmarke; Pflicht-/Dauerstatus nicht intern verifiziert";"Open Food Facts / identitaetskennzeichen.de; Netto Markenwelt";2026-09
4316268684798;Genussmoment Kirsche;Lieblings;250 g;;"öffentlich belegte Eigenmarke; Pflicht-/Dauerstatus nicht intern verifiziert";"Open Food Facts / identitaetskennzeichen.de; Netto Markenwelt";2026-09
4316268684804;Genussmoment Pfirsich-Aprikose;Lieblings;250 g;;"öffentlich belegte Eigenmarke; Pflicht-/Dauerstatus nicht intern verifiziert";"Open Food Facts / identitaetskennzeichen.de; Netto Markenwelt";2026-09
4316268684811;Genussmoment Vanille;Lieblings;250 g;;"öffentlich belegte Eigenmarke; Pflicht-/Dauerstatus nicht intern verifiziert";"Open Food Facts / identitaetskennzeichen.de; Netto Markenwelt";2026-09
42381631;Käsezubereitung mit Feta & Tomaten;Lieblings;90 g;;"öffentlich belegte Eigenmarke; Pflicht-/Dauerstatus nicht intern verifiziert";"Open Food Facts / identitaetskennzeichen.de; Netto Markenwelt";2026-09
4316268665636;Pikanter Fleischsalat;Lieblings;200 g;;"öffentlich belegte Eigenmarke; Pflicht-/Dauerstatus nicht intern verifiziert";"Open Food Facts / identitaetskennzeichen.de; Netto Markenwelt";2026-09
4316268525350;Mozzarella;Mondo Italiano;125 g;;"öffentlich belegter Netto-Artikel; interner Pflichtartikelstatus nicht öffentlich verifizierbar";Open Food Facts via identitaetskennzeichen.de;2026-09-10
4316268550420;Mozzarella;Mondo Italiano;200 g / 125 g;;"öffentlich belegter Netto-Artikel; interner Pflichtartikelstatus nicht öffentlich verifizierbar";Open Food Facts via identitaetskennzeichen.de;2026-09-10
4316268643023;Mozzarella;Mondo Italiano;125 g;;"öffentlich belegter Netto-Artikel; interner Pflichtartikelstatus nicht öffentlich verifizierbar";Open Food Facts via identitaetskennzeichen.de;2026-09-10
42413783;Mozzarella Halbfettstufe;Mondo Italiano;;;"öffentlich belegter Netto-Artikel; interner Pflichtartikelstatus nicht öffentlich verifizierbar";Open Food Facts via identitaetskennzeichen.de;2026-09-10
4316268651202;Mozzarella Halbfettstufe;Mondo Italiano;125 g;;"öffentlich belegter Netto-Artikel; interner Pflichtartikelstatus nicht öffentlich verifizierbar";Open Food Facts via identitaetskennzeichen.de;2026-09-10
4316268651226;Mozzarella Halbfettstufe;Mondo Italiano;200 g;;"öffentlich belegter Netto-Artikel; interner Pflichtartikelstatus nicht öffentlich verifizierbar";Open Food Facts via identitaetskennzeichen.de;2026-09-10
4316268525336;Mozzarella Minikugeln;Mondo Italiano;245 g;;"öffentlich belegter Netto-Artikel; interner Pflichtartikelstatus nicht öffentlich verifizierbar";Open Food Facts via identitaetskennzeichen.de;2026-09-10
4316268410328;Mozzarella Minis;Mondo Italiano;245 g;;"öffentlich belegter Netto-Artikel; interner Pflichtartikelstatus nicht öffentlich verifizierbar";Open Food Facts via identitaetskennzeichen.de;2026-09-10
4316268481700;Mozzarella gerieben;Mondo Italiano;200 g;;"öffentlich belegter Netto-Artikel; interner Pflichtartikelstatus nicht öffentlich verifizierbar";Open Food Facts via identitaetskennzeichen.de;2026-09-10
4316268649575;Mozzarella gerieben;Mondo Italiano;250 g;;"öffentlich belegter Netto-Artikel; interner Pflichtartikelstatus nicht öffentlich verifizierbar";Open Food Facts via identitaetskennzeichen.de;2026-09-10
4316268717861;Mozzarella gerieben;Mondo Italiano;150 g;;"öffentlich belegter Netto-Artikel; interner Pflichtartikelstatus nicht öffentlich verifizierbar";Open Food Facts via identitaetskennzeichen.de;2026-09-10
4316268716505;Mozzarella in Salzlake 45%;Mondo Italiano;125 g;;"öffentlich belegter Netto-Artikel; interner Pflichtartikelstatus nicht öffentlich verifizierbar";Open Food Facts via identitaetskennzeichen.de;2026-09-10
4316268575461;Mozzarella-Minikugeln;Mondo Italiano;250 g / 125 g;;"öffentlich belegter Netto-Artikel; interner Pflichtartikelstatus nicht öffentlich verifizierbar";Open Food Facts via identitaetskennzeichen.de;2026-09-10
42413769;Mozzarellakugel;Mondo Italiano;250 g / 125 g;;"öffentlich belegter Netto-Artikel; interner Pflichtartikelstatus nicht öffentlich verifizierbar";Open Food Facts via identitaetskennzeichen.de;2026-09-10
4316268453271;Pizzaburger Diavolo Steinofen;Mondo Italiano;700 g;;"öffentlich belegter Netto-Artikel; interner Pflichtartikelstatus nicht öffentlich verifizierbar";Open Food Facts via identitaetskennzeichen.de;2026-09-10
4316268439749;Prosciutto Cotto;Mondo Italiano;200 g;meat_fish;EAN aus Buycott, nicht verifiziert;Buycott;2026-09-24
4063516000748;Espresso macchiato;Netto;330 ml;;"öffentlich belegter Netto-Artikel; interner Pflichtartikelstatus nicht öffentlich verifizierbar";Open Food Facts via identitaetskennzeichen.de;2026-09-10
4316268656795;Geflügel Brühwurstpastete;Netto;200 g;;"öffentlich belegter Netto-Artikel; interner Pflichtartikelstatus nicht öffentlich verifizierbar";Open Food Facts via identitaetskennzeichen.de;2026-09-10
4316268562409;Geflügel Mortadella;Netto;200 g;;"öffentlich belegter Netto-Artikel; interner Pflichtartikelstatus nicht öffentlich verifizierbar";Open Food Facts via identitaetskennzeichen.de;2026-09-10
4316268678452;Geflügel-Bierschinken;Hofmaier;150 g;meat_fish;EAN aus Open Food Facts;Open Food Facts;2026-09-24
4316268656788;Geflügel-Paprikalyoner;Netto;200 g;;"öffentlich belegter Netto-Artikel; interner Pflichtartikelstatus nicht öffentlich verifizierbar";Open Food Facts via identitaetskennzeichen.de;2026-09-10
4316268659987;Jagdwurst;Netto;200 g;;"öffentlich belegter Netto-Artikel; interner Pflichtartikelstatus nicht öffentlich verifizierbar";Open Food Facts via identitaetskennzeichen.de;2026-09-10
4316268659994;Paprika-Lyoner;Netto;200 g;;"öffentlich belegter Netto-Artikel; interner Pflichtartikelstatus nicht öffentlich verifizierbar";Open Food Facts via identitaetskennzeichen.de;2026-09-10
4316268660006;Schinkenwurst;Netto;200 g;;"öffentlich belegter Netto-Artikel; interner Pflichtartikelstatus nicht öffentlich verifizierbar";Open Food Facts via identitaetskennzeichen.de;2026-09-10
4743568513587;Emmentaler am Stück;Netto Marken-Discount;400 g;;"öffentlich belegter Netto-Artikel; interner Pflichtartikelstatus nicht öffentlich verifizierbar";Open Food Facts via identitaetskennzeichen.de;2026-09-10
4316268677943;Fettarme H-Milch laktosefrei;Netto Marken-Discount;1 l;;"öffentlich belegter Netto-Artikel; interner Pflichtartikelstatus nicht öffentlich verifizierbar";Open Food Facts via identitaetskennzeichen.de;2026-09-10
4316268712330;Gratinkäse gerieben;Netto Marken-Discount;250 g;;"öffentlich belegter Netto-Artikel; interner Pflichtartikelstatus nicht öffentlich verifizierbar";Open Food Facts via identitaetskennzeichen.de;2026-09-10
4316268662482;Hähnchen Geschnetzeltes;Netto Marken-Discount;250 g;;"öffentlich belegter Netto-Artikel; interner Pflichtartikelstatus nicht öffentlich verifizierbar";Open Food Facts via identitaetskennzeichen.de;2026-09-10
4316268714747;Maasdamer 45%;Netto Marken-Discount;300 g;;"öffentlich belegter Netto-Artikel; interner Pflichtartikelstatus nicht öffentlich verifizierbar";Open Food Facts via identitaetskennzeichen.de;2026-09-10
4316268655200;Milchreis Classic;Netto Marken-Discount;1000 g;;"öffentlich belegter Netto-Artikel; interner Pflichtartikelstatus nicht öffentlich verifizierbar";Open Food Facts via identitaetskennzeichen.de;2026-09-10
4316268533751;Saftiger Krustenschinken;Netto Marken-Discount;100 g;;"öffentlich belegter Netto-Artikel; interner Pflichtartikelstatus nicht öffentlich verifizierbar";Open Food Facts via identitaetskennzeichen.de;2026-09-10
4316268631983;Sahne Pudding Bourbon-Vanille;Netto Marken-Discount;500 g;;"öffentlich belegter Netto-Artikel; interner Pflichtartikelstatus nicht öffentlich verifizierbar";Open Food Facts via identitaetskennzeichen.de;2026-09-10
4316268631990;Sahnepudding Vollmilchschokolade;Netto Marken-Discount;500 g;;"öffentlich belegter Netto-Artikel; interner Pflichtartikelstatus nicht öffentlich verifizierbar";Open Food Facts via identitaetskennzeichen.de;2026-09-10
4316268537759;Schlagsahne;Netto Marken-Discount;200 g;;"öffentlich belegter Netto-Artikel; interner Pflichtartikelstatus nicht öffentlich verifizierbar";Open Food Facts via identitaetskennzeichen.de;2026-09-10
4316268443791;Schlemmerfilet à la Italia;Netto Marken-Discount;400 g;;"öffentlich belegter Netto-Artikel; interner Pflichtartikelstatus nicht öffentlich verifizierbar";Open Food Facts via identitaetskennzeichen.de;2026-09-10
4316268627917;Skyr;Netto Marken-Discount;500 g;;"öffentlich belegter Netto-Artikel; interner Pflichtartikelstatus nicht öffentlich verifizierbar";Open Food Facts via identitaetskennzeichen.de;2026-09-10
4316268696920;Backkakao Bio;BioBio;125 g;Backzutaten;"EAN auf Netto-Produktseite verifiziert; Filial-Pflichtstatus nicht öffentlich ausgewiesen";Netto Produktseite 2730619000;2026-09-24
4316268692427;Rohrohrzucker Bio;BioBio;500 g;Backzutaten / Zucker;"EAN auf Netto-Produktseite verifiziert; Filial-Pflichtstatus nicht öffentlich ausgewiesen";Netto Produktseite 2594223000;2026-09-24
4316268699082;Schloss Export 5,2 % vol;Schloss;0,5 l;Bier;"öffentlich belegter Netto-Lebensmittelartikel; Pflicht-/Dauerstatus nicht intern verifiziert";Netto Produktseite;2026-09-24
4316268699068;Schloss Pilsener 4,9 % vol;Schloss;0,5 l;Bier;"öffentlich belegter Netto-Lebensmittelartikel; Pflicht-/Dauerstatus nicht intern verifiziert";Netto Produktseite;2026-09-24
4316268713917;Pflanzlicher Brotaufstrich verschiedene Sorten;BioBio;180 g;Brotaufstrich;"EAN auf Netto-Produktseite verifiziert; Filial-Pflichtstatus nicht öffentlich ausgewiesen";Netto Produktseite 3016366000;2026-09-24
4316268394031;Eintöpfe verschiedene Sorten;Poté;800 g;Fertiggerichte / Konserven;"EAN auf Netto-Produktseite verifiziert; Filial-Pflichtstatus nicht öffentlich ausgewiesen";Netto Produktseite 2170640000;2026-09-24
4316268396950;Kartoffeleintopf mit Speck;Poté;800 g;Fertiggerichte / Konserven;"EAN auf Netto-Produktseite verifiziert; Filial-Pflichtstatus nicht öffentlich ausgewiesen";Netto Produktseite 2154336000;2026-09-24
4316268396967;Linseneintopf mit Schweinefleisch;Poté;800 g;Fertiggerichte / Konserven;"EAN auf Netto-Produktseite verifiziert; Filial-Pflichtstatus nicht öffentlich ausgewiesen";Netto Produktseite 2154337000;2026-09-24
4316268396974;Nudeltopf mit Tomaten und Zucchini;Poté;800 g;Fertiggerichte / Konserven;"EAN direkt auf Netto-Produktseite belegt; interner Filial-Pflichtstatus nicht öffentlich";Netto Produktseite 2154346000;2026-09-24
4316268719841;Eistee Erdbeer-Kiwi;Lieblings;1,5 l;Getränke / Eistee;"EAN direkt auf Netto-Produktseite belegt; interner Filial-Pflichtstatus nicht öffentlich";Netto Produktseite 2835251000;2026-09-24
4316268728683;Limonade Erdbeere-Kiwi;Stardrink;0,5 l Dose;Getränke / Limonade;"öffentlich belegter Netto-Lebensmittelartikel; Pflicht-/Dauerstatus nicht intern verifiziert";Netto Produktseite;2026-09-24
4316268728720;Limonade Limette-Litschi;Stardrink;0,5 l Dose;Getränke / Limonade;"öffentlich belegter Netto-Lebensmittelartikel; Pflicht-/Dauerstatus nicht intern verifiziert";Netto Produktseite;2026-09-24
4316268728744;Limonade Mandarine;Stardrink;0,5 l Dose;Getränke / Limonade;"öffentlich belegter Netto-Lebensmittelartikel; Pflicht-/Dauerstatus nicht intern verifiziert";Netto Produktseite;2026-09-24
4316268686648;Zitronenlimonade;Stardrink;0,5 l;Getränke / Limonade;"öffentlich belegter Netto-Lebensmittelartikel; Pflicht-/Dauerstatus nicht intern verifiziert";Netto Produktseite;2026-09-24
4316268704908;Karottensaft Bio;BioBio;1 l;Getränke / Saft;"EAN auf Netto-Produktseite verifiziert; Filial-Pflichtstatus nicht öffentlich ausgewiesen";Netto Produktseite 2717111000;2026-09-24
4316268678162;Heimische Früchte Apfel-Kirsch-Johannisbeer;Lieblings;1 l;Getränke / Saft;"EAN direkt auf Netto-Produktseite belegt; interner Filial-Pflichtstatus nicht öffentlich";Netto Produktseite 2189222000;2026-09-24
4316268609791;Premium Apfel-Direktsaft naturtrüb;Lieblings Premium;1 l;Getränke / Saft;"EAN direkt auf Netto-Produktseite belegt; interner Filial-Pflichtstatus nicht öffentlich";Netto Produktseite 2174425000;2026-09-24
4316268614955;Apfelschorle;Stardrink;0,5 l;Getränke / Schorle;"öffentlich belegter Netto-Lebensmittelartikel; Pflicht-/Dauerstatus nicht intern verifiziert";Netto Produktseite;2026-09-24
4316268714020;Apfelschorle;Stardrink;1,5 l;Getränke / Schorle;"öffentlich belegter Netto-Lebensmittelartikel; Pflicht-/Dauerstatus nicht intern verifiziert";Netto Produktseite;2026-09-24
4316268396998;Texastopf;Pote;800 g;Konserven / Fertiggericht;"öffentlich belegter Netto-Lebensmittelartikel; Pflicht-/Dauerstatus nicht intern verifiziert";Netto Produktseite;2026-09-24
4316268702157;Bio-Fruchtmus verschiedene Sorten;BioBio;400 g;Konserven / Fruchtmus;"EAN auf Netto-Produktseite verifiziert; Filial-Pflichtstatus nicht öffentlich ausgewiesen";Netto Produktseite 2742553000;2026-09-24
4316268306157;Brechbohnen fein;Beste Ernte;455 g Abtropfgewicht;Konserven / Gemüse;"EAN direkt auf Netto-Produktseite belegt; interner Filial-Pflichtstatus nicht öffentlich";Netto Produktseite 2161338000;2026-09-24
4316268593946;Erbsen extra fein mit Möhrchen;Beste Ernte;130 g Abtropfgewicht;Konserven / Gemüse;"EAN direkt auf Netto-Produktseite belegt; interner Filial-Pflichtstatus nicht öffentlich";Netto Produktseite 2161349000;2026-09-24
4316268317481;Partychampignon;Beste Ernte;170 g Abtropfgewicht;Konserven / Gemüse;"EAN direkt auf Netto-Produktseite belegt; interner Filial-Pflichtstatus nicht öffentlich";Netto Produktseite 2187410000;2026-09-24
4316268634977;Gemüsemais Bio;BioBio;285 g Abtropfgewicht;Konserven / Gemüse;"EAN auf Netto-Produktseite verifiziert; Filial-Pflichtstatus nicht öffentlich ausgewiesen";Netto Produktseite 2188971000;2026-09-24
4316268660402;Kichererbsen und Kidneybohnen Bio;BioBio;265 g Abtropfgewicht;Konserven / Hülsenfrüchte;"EAN auf Netto-Produktseite verifiziert; Filial-Pflichtstatus nicht öffentlich ausgewiesen";Netto Produktseite 2344494000;2026-09-24
4316268610391;Ananas in Stücken;Beste Ernte;340 g Abtropfgewicht;Konserven / Obst;"EAN direkt auf Netto-Produktseite belegt; interner Filial-Pflichtstatus nicht öffentlich";Netto Produktseite 2189633000;2026-09-24
4316268683302;Püree aus Äpfeln ohne Zuckerzusatz;Beste Ernte;4 x 100 g;Konserven / Obst;"EAN direkt auf Netto-Produktseite belegt; interner Filial-Pflichtstatus nicht öffentlich";Netto Produktseite 2778682000;2026-09-24
4316268697569;Tomaten verschiedene Sorten Bio;BioBio;400 g;Konserven / Tomaten;"EAN auf Netto-Produktseite verifiziert; Filial-Pflichtstatus nicht öffentlich ausgewiesen";Netto Produktseite 2690806000;2026-09-24
8001740210928;1851 Lasagne;Pasta Rey;500 g;Nudeln;"öffentlich auf Netto-Produktseite belegt; Filial-Pflichtstatus nicht intern verifiziert";Netto Produktseite;2026-09-24
8001740222051;1851 Spaghetti N°5;Pasta Rey;500 g;Nudeln;"öffentlich auf Netto-Produktseite belegt; Filial-Pflichtstatus nicht intern verifiziert";Netto Produktseite;2026-09-24
8001740820493;1851 Tortiglioni;Pasta Rey;500 g;Nudeln;"öffentlich auf Netto-Produktseite belegt; Filial-Pflichtstatus nicht intern verifiziert";Netto Produktseite;2026-09-24
8001740822428;Bronzepasta Fusilli;Pasta Rey;500 g;Nudeln;"öffentlich auf Netto-Produktseite belegt; Filial-Pflichtstatus nicht intern verifiziert";Netto Produktseite;2026-09-24
8001740822350;1851 Farfalle;Pasta Rey;500 g;Nudeln / Trockensortiment;"öffentlich belegter Netto-Lebensmittelartikel; Pflicht-/Dauerstatus nicht intern verifiziert";Netto Produktseite;2026-09-24
8001740222129;1851 Linguine;Pasta Rey;500 g;Nudeln / Trockensortiment;"öffentlich belegter Netto-Lebensmittelartikel; Pflicht-/Dauerstatus nicht intern verifiziert";Netto Produktseite;2026-09-24
8001740822404;1851 Maccheroni;Pasta Rey;500 g;Nudeln / Trockensortiment;"öffentlich belegter Netto-Lebensmittelartikel; Pflicht-/Dauerstatus nicht intern verifiziert";Netto Produktseite;2026-09-24
4316268719803;Tomatenketchup Bio;BioBio;500 ml;Saucen;"EAN auf Netto-Produktseite verifiziert; Filial-Pflichtstatus nicht öffentlich ausgewiesen";Netto Produktseite 2749145000;2026-09-24
4311596021543;BBQ Sauce;Papa Joe's;300 ml;Saucen / Feinkost;"öffentlich belegter Netto-Lebensmittelartikel; Pflicht-/Dauerstatus nicht intern verifiziert";Netto Produktseite;2026-09-24
4311596615506;Burger-Sauce;Papa Joe's;300 ml;Saucen / Feinkost;"öffentlich belegter Netto-Lebensmittelartikel; Pflicht-/Dauerstatus nicht intern verifiziert";Netto Produktseite;2026-09-24
4311596606085;Curry-Mango Sauce;Papa Joe's;300 ml;Saucen / Feinkost;"öffentlich belegter Netto-Lebensmittelartikel; Pflicht-/Dauerstatus nicht intern verifiziert";Netto Produktseite;2026-09-24
4311596606054;Knoblauch Sauce;Papa Joe's;300 ml;Saucen / Feinkost;"öffentlich belegter Netto-Lebensmittelartikel; Pflicht-/Dauerstatus nicht intern verifiziert";Netto Produktseite;2026-09-24
4311596046751;Mayonnaise;Papa Joe's;500 ml;Saucen / Feinkost;"öffentlich belegter Netto-Lebensmittelartikel; Pflicht-/Dauerstatus nicht intern verifiziert";Netto Produktseite;2026-09-24
4311596016976;Parmesan Mayonnaise;Papa Joe's;300 ml;Saucen / Feinkost;"öffentlich belegter Netto-Lebensmittelartikel; Pflicht-/Dauerstatus nicht intern verifiziert";Netto Produktseite;2026-09-24
4311596016945;Vegane Chipotle Mayonnaise;Papa Joe's;300 ml;Saucen / Feinkost;"öffentlich belegter Netto-Lebensmittelartikel; Pflicht-/Dauerstatus nicht intern verifiziert";Netto Produktseite;2026-09-24
4311596028825;Tomaten Ketchup Extra Big;Papa Joe's;1,2 l;Saucen / Ketchup;"öffentlich belegter Netto-Lebensmittelartikel; Pflicht-/Dauerstatus nicht intern verifiziert";Netto Produktseite;2026-09-24
4316268696401;Knabbermix;Clarky's;300 g;Snacks;"öffentlich auf Netto-Produktseite belegt; Filial-Pflichtstatus nicht intern verifiziert";Netto Produktseite;2026-09-24
4316268723374;Stapelchips verschiedene Sorten;Clarky's;175 g;Snacks / Chips;"EAN direkt auf Netto-Produktseite belegt; interner Filial-Pflichtstatus nicht öffentlich";Netto Produktseite 2644483000;2026-09-24
4316268732529;Tortilla Chips verschiedene Sorten;Clarky's;300 g;Snacks / Chips;"öffentlich auf Netto-Produktseite belegt; Filial-Pflichtstatus nicht intern verifiziert";Netto Produktseite;2026-09-24
4316268460514;Gebäckstangen verschiedene Sorten;Clarky's;150 g;Snacks / Gebäck;"EAN direkt auf Netto-Produktseite belegt; interner Filial-Pflichtstatus nicht öffentlich";Netto Produktseite 2644481000;2026-09-24
4316268671231;Cashews verschiedene Sorten;Clarky's;150 g;Snacks / Nüsse;"öffentlich auf Netto-Produktseite belegt; Filial-Pflichtstatus nicht intern verifiziert";Netto Produktseite;2026-09-24
4316268642552;Erdnusskerne verschiedene Sorten;Clarky's;500 g;Snacks / Nüsse;"EAN direkt auf Netto-Produktseite belegt; interner Filial-Pflichtstatus nicht öffentlich";Netto Produktseite 2755742000;2026-09-24
4316268546621;Erdnüsse geröstet verschiedene Sorten;Clarky's;200 g;Snacks / Nüsse;"öffentlich auf Netto-Produktseite belegt; Filial-Pflichtstatus nicht intern verifiziert";Netto Produktseite;2026-09-24
4316268460620;Erdnüsse gewürzt verschiedene Sorten;Clarky's;150 g;Snacks / Nüsse;"öffentlich auf Netto-Produktseite belegt; Filial-Pflichtstatus nicht intern verifiziert";Netto Produktseite;2026-09-24
4316268635899;Mandeln blanchiert;Clarky's;200 g;Snacks / Nüsse;"öffentlich auf Netto-Produktseite belegt; Filial-Pflichtstatus nicht intern verifiziert";Netto Produktseite;2026-09-24
4316268717922;Mandeln ganz XXL;Clarky's;400 g;Snacks / Nüsse;"öffentlich auf Netto-Produktseite belegt; Filial-Pflichtstatus nicht intern verifiziert";Netto Produktseite;2026-09-24
4316268636209;Mandeln verschiedene Sorten;Clarky's;150 g;Snacks / Nüsse;"öffentlich auf Netto-Produktseite belegt; Filial-Pflichtstatus nicht intern verifiziert";Netto Produktseite;2026-09-24
4316268449427;Studentenfutter;Clarky's;300 g;Snacks / Nüsse;"EAN direkt auf Netto-Produktseite belegt; interner Filial-Pflichtstatus nicht öffentlich";Netto Produktseite 2154363000;2026-09-24
4316268614429;Bio-Knusperriegel verschiedene Sorten;BioBio;75 g;Snacks / Riegel;"EAN auf Netto-Produktseite verifiziert; Filial-Pflichtstatus nicht öffentlich ausgewiesen";Netto Produktseite 2599715000;2026-09-24
4316268697576;Fond verschiedene Sorten;Lieblings;400 ml;Suppen / Fonds;"EAN direkt auf Netto-Produktseite belegt; interner Filial-Pflichtstatus nicht öffentlich";Netto Produktseite 2719561000;2026-09-24
4316268602563;Zitronello verschiedene Sorten Bio;BioBio;200 ml;Würzmittel;"EAN auf Netto-Produktseite verifiziert; Filial-Pflichtstatus nicht öffentlich ausgewiesen";Netto Produktseite 2529472000;2026-09-24
4316268604710;Blütenhonig;Netto Marken-Discount;500 g;sweets;EAN aus Open Food Facts;Open Food Facts;2026-09-24
4316268634328;Brauner Rohrzucker;Netto Marken-Discount;500 g;baking;EAN aus Open Food Facts;Open Food Facts;2026-09-24
4316268660099;Instant China Mie Nudeln;Netto Marken-Discount;250 g;pasta_rice_grains;EAN aus Open Food Facts;Open Food Facts;2026-09-24
4316268730952;Maiswaffeln gesalzen;BioBio;;snacks;EAN aus Open Food Facts;Open Food Facts;2026-09-24
4316268674669;Agavendicksaft;BioBio;;sweets;EAN aus Open Food Facts;Open Food Facts;2026-09-24
42470700;Kräuterquark;BioBio;;dairy;EAN aus Open Food Facts;Open Food Facts;2026-09-24
4316268686877;Haferdrink Schoko;BioBio;1 l;plant_based;EAN aus Open Food Facts;Open Food Facts;2026-09-24
4316268687867;Barista Haferdrink mit Soja;BioBio;1 l;plant_based;EAN aus Open Food Facts;Open Food Facts;2026-09-24
4316268637862;Apfel Direktsaft naturtrüb;BioBio;1 l;beverages_nonalcoholic;EAN aus Open Food Facts;Open Food Facts;2026-09-24
4316268643672;Schmelzkäse-Snack mit Brotsticks;Gutes Land;250 g;cheese;EAN aus Open Food Facts;Open Food Facts;2026-09-24
42413646;Schnittlauch-Käse-Ring;Gutes Land;200 g;cheese;EAN aus Open Food Facts;Open Food Facts;2026-09-24
4316268682220;Crème fraîche 30%;Gutes Land;200 g;dairy;EAN aus Open Food Facts;Open Food Facts;2026-09-24
4316268487269;Milchreis;Gutes Land;1000 g;dairy;EAN aus Open Food Facts;Open Food Facts;2026-09-24
4316268645973;Hirtenkäse;Gutes Land;250 g;cheese;EAN aus Open Food Facts;Open Food Facts;2026-09-24
4316268637350;Joghurt nach griechischer Art;Gutes Land;4 x 150 g;dairy;EAN aus Open Food Facts;Open Food Facts;2026-09-24
42314677;Fettarmer Fruchtjoghurt mild 1,8% Fett;Gutes Land;250 g;dairy;EAN aus Open Food Facts;Open Food Facts;2026-09-24
4316268620109;Toffee Ganznuss Schokolade;Schokoliebe;300 g;sweets;EAN aus Open Food Facts;Open Food Facts;2026-09-24
4316268638265;Pekan-Kokos Zartbitter Schokolade;Schokoliebe;180 g;sweets;EAN aus Open Food Facts;Open Food Facts;2026-09-24
4316268629836;Choco Nuts;Schokoliebe;400 g;sweets;EAN aus Open Food Facts;Open Food Facts;2026-09-24
4316268669948;Trigger;Schokoliebe;5 x 58 g;sweets;EAN aus Open Food Facts;Open Food Facts;2026-09-24
4316268689625;Choco Crisp;Schokoliebe;340 g;sweets;EAN aus Open Food Facts;Open Food Facts;2026-09-24
4316268666763;Schweizer Edel-Zartbitter Schokolade;Schokoliebe;100 g;sweets;EAN aus Open Food Facts;Open Food Facts;2026-09-24
4316268637138;Linsenchips Joghurt Gurke;Clarkys;100 g;snacks;EAN aus Open Food Facts;Open Food Facts;2026-09-24
4316268666039;Chips;Clarkys;;snacks;EAN aus Open Food Facts;Open Food Facts;2026-09-24
4316268629003;Kartoffel Chips Gesalzen;Clarkys;200 g;snacks;EAN aus Open Food Facts;Open Food Facts;2026-09-24
4316268491549;Kartoffel-Chips Paprika;Clarkys;200 g;snacks;EAN aus Open Food Facts;Open Food Facts;2026-09-24
4316268554138;Riffel Chips, gesalzen;Clarkys;200 g;snacks;EAN aus Open Food Facts;Open Food Facts;2026-09-24
4316268597975;Pinienkerne;Clarkys;50 g;snacks;EAN aus Open Food Facts;Open Food Facts;2026-09-24
35626817;Mandeln geröstet;Clarkys;250 g;snacks;EAN aus Open Food Facts;Open Food Facts;2026-09-24
4316268460590;Erdnüsse;Clarkys;200 g;snacks;EAN aus Open Food Facts;Open Food Facts;2026-09-24
4316268701686;Parmigiano Reggiano;Mondo Italiano;;cheese;EAN aus Open Food Facts;Open Food Facts;2026-09-24
4316268717755;Tortellini;Mondo Italiano;;pasta_rice_grains;EAN aus Open Food Facts;Open Food Facts;2026-09-24
4316268488808;Gnocchi;Mondo Italiano;;pasta_rice_grains;EAN aus Open Food Facts;Open Food Facts;2026-09-24
4316268455626;Pesto alla Genovese;Mondo Italiano;190 g;sauces_spices_condiments;EAN aus Open Food Facts;Open Food Facts;2026-09-24
4316268601948;Spaghetti;Mondo Italiano;500 g;pasta_rice_grains;EAN aus Open Food Facts;Open Food Facts;2026-09-24
4316268658638;Tomaten geschält und gehackt;Mondo Italiano;400 g;canned_jarred;EAN aus Open Food Facts;Open Food Facts;2026-09-24
4316268679183;Tortelloni Tomate & Mozzarella;Mondo Italiano;400 g;pasta_rice_grains;EAN aus Open Food Facts;Open Food Facts;2026-09-24
4316268614139;Mineralwasser;Netto;;beverages_nonalcoholic;EAN aus Open Food Facts;Open Food Facts;2026-09-24
42287964;Naturalis Classic;Naturalis;0,5 l;beverages_nonalcoholic;EAN aus Open Food Facts;Open Food Facts;2026-09-24
42287995;Mineralwasser Classic;Naturalis;1,5 l;beverages_nonalcoholic;EAN aus Open Food Facts;Open Food Facts;2026-09-24
42287988;Mineralwasser Medium;Naturalis;1,5 l;beverages_nonalcoholic;EAN aus Open Food Facts;Open Food Facts;2026-09-24
4316268668644;Wasser mit Apfelgeschmack;Naturalis;1,5 l;beverages_nonalcoholic;EAN aus Open Food Facts;Open Food Facts;2026-09-24
03770474;Natürliches Mineralwasser mit Kohlensäure versetzt;Naturalis;0,5 l;beverages_nonalcoholic;EAN aus Open Food Facts;Open Food Facts;2026-09-24
4316268684729;Schoko Müsli 30% weniger Zucker;Korn Mühle;750 g;breakfast_cereals;EAN aus Open Food Facts;Open Food Facts;2026-09-24
4316268505390;Früchte Müsli;Korn Mühle;750 g;breakfast_cereals;EAN aus Open Food Facts;Open Food Facts;2026-09-24
4316268405928;Zwieback;Korn Mühle;450 g;bakery;EAN aus Open Food Facts;Open Food Facts;2026-09-24
4316268606752;Eiweiß Brot;Korn Mühle;500 g;bakery;EAN aus Open Food Facts;Open Food Facts;2026-09-24
4316268463522;Schinkenwurst;Hofmaier;200 g;meat_fish;EAN aus Open Food Facts;Open Food Facts;2026-09-24
4316268466851;Schinkenwürstchen;Hofmaier;380 g;meat_fish;EAN aus Open Food Facts;Open Food Facts;2026-09-24
4316268462846;Kochschinken hauchfein;Hofmaier;150 g;meat_fish;EAN aus Open Food Facts;Open Food Facts;2026-09-24
4316268679824;Gourmet Schinkenwürfel;Hofmaier;150 g;meat_fish;EAN aus Open Food Facts;Open Food Facts;2026-09-24
4316268615273;Lachsschinken;Hofmaier;150 g;meat_fish;EAN aus Open Food Facts;Open Food Facts;2026-09-24
4316268464352;Kochhinterschinken;Hofmaier;200 g;meat_fish;EAN aus Open Food Facts;Open Food Facts;2026-09-24
4316268659703;Direktsaft Mandarine;Lieblings;1 l;beverages_nonalcoholic;EAN aus Open Food Facts;Open Food Facts;2026-09-24
4316268609784;Apfel-Direktsaft, naturtrüb;Lieblings;1 l;beverages_nonalcoholic;EAN aus Open Food Facts;Open Food Facts;2026-09-24
4316268625609;Premium Direktsaft Orange;Lieblings;1 l;beverages_nonalcoholic;EAN aus Open Food Facts;Open Food Facts;2026-09-24
4316268654203;Premium-Direktsaft Traube;Lieblings;1 l;beverages_nonalcoholic;EAN aus Open Food Facts;Open Food Facts;2026-09-24
4316268641265;Erdbeeren (gefroren);Lieblings;300 g;frozen;EAN aus Open Food Facts;Open Food Facts;2026-09-24
4316268664998;Direktsaft;Frucht Stern;1 l;beverages_nonalcoholic;EAN aus Open Food Facts;Open Food Facts;2026-09-24
4316268679268;Bio-Wattestäbchen Nachfüllpackung;Netto Marken-Discount;160 Stück;personal_care;EAN aus Open Beauty Facts;Open Beauty Facts;2026-09-24
42415084;Heimisches Suppengemüse;Netto Marken-Discount;500 g;fruit_vegetables;EAN aus Open Food Facts;Open Food Facts;2026-09-24
4311532219027;Datteln;Markttag;300 g;fruit_vegetables;EAN aus Open Food Facts;Open Food Facts;2026-09-24
4003875949630;Hähnchengeschnetzeltes;Gut Ponholz;;meat_fish;EAN aus Open Food Facts;Open Food Facts;2026-09-24
4052485441669;Hähnchen-Flügel;Gut Ponholz;;meat_fish;EAN aus Open Food Facts;Open Food Facts;2026-09-24
4316268481496;Kondensmilch 10% Fett;Gutes Land;;dairy;EAN aus Buycott, nicht verifiziert;Buycott;2026-09-24
4316268435550;Hugo Rosé;Vinetti;;beverages_alcoholic;EAN aus Buycott, nicht verifiziert;Buycott;2026-09-24
4316268439152;Meerwasser Schnupfen Spray;Medicazin;;personal_care;EAN aus Buycott, nicht verifiziert;Buycott;2026-09-24
4316268396080;10 Frische Eier;Netto;;other;EAN aus Buycott, nicht verifiziert;Buycott;2026-09-24
42206941;Schloss Bier;Schloss;;beverages_alcoholic;EAN aus Buycott, nicht verifiziert;Buycott;2026-09-24
4316268153928;Speisequark;Netto;;dairy;EAN aus Buycott, nicht verifiziert;Buycott;2026-09-24
4316268354387;Pudding;Gradiso;;dairy;EAN aus Buycott, nicht verifiziert;Buycott;2026-09-24
4316268384780;Orangensaft;Netto;;beverages_nonalcoholic;EAN aus Buycott, nicht verifiziert;Buycott;2026-09-24
42151678;Aqua Medium Wasser;Netto;;beverages_nonalcoholic;EAN aus Buycott, nicht verifiziert;Buycott;2026-09-24
4316268347716;Erdnüsse;Netto;;snacks;EAN aus Buycott, nicht verifiziert;Buycott;2026-09-24
4316268329811;Käse-Aufschnitt Leicht;Netto;;cheese;EAN aus Buycott, nicht verifiziert;Buycott;2026-09-24
4316268393478;Natives Olivenöl Extra;Netto;;sauces_spices_condiments;EAN aus Buycott, nicht verifiziert;Buycott;2026-09-24
4316268389242;Sticks;Sancho;;snacks;EAN aus Buycott, nicht verifiziert;Buycott;2026-09-24
4316268329712;Café Gold;Maxima;;coffee_tea;EAN aus Buycott, nicht verifiziert;Buycott;2026-09-24
4316268489058;Hygiene Handgel mit Aloe Vera;Pure & Basic;;personal_care;EAN aus Buycott, nicht verifiziert;Buycott;2026-09-24
4316268136112;Ceylon Assam;Captains Tea;;coffee_tea;EAN aus Buycott, nicht verifiziert;Buycott;2026-09-24
42206880;Premium Teegetränk Erdbeer-Kiwi;Netto;;beverages_nonalcoholic;EAN aus Buycott, nicht verifiziert;Buycott;2026-09-24
4316268353359;Teegetränk;Netto;;beverages_nonalcoholic;EAN aus Buycott, nicht verifiziert;Buycott;2026-09-24
4316268398633;Lachsfilet;Netto;;meat_fish;EAN aus Buycott, nicht verifiziert;Buycott;2026-09-24
42151777;Medium;Vitalitasia;;beverages_nonalcoholic;EAN aus Buycott, nicht verifiziert;Buycott;2026-09-24
4316268466622;Basilikum aus Deutschland;Netto;;fruit_vegetables;EAN aus Buycott, nicht verifiziert;Buycott;2026-09-24
4316268174657;Grüner Tee;Captains Tea;;coffee_tea;EAN aus Buycott, nicht verifiziert;Buycott;2026-09-24
4316268381130;45 Sicherheits-Zündhölzer 10er;Netto;;household_cleaning;EAN aus Buycott, nicht verifiziert;Buycott;2026-09-24
4316268411943;38 Sicherheits-Zündhölzer 10 Schachteln;Netto;;household_cleaning;EAN aus Buycott, nicht verifiziert;Buycott;2026-09-24
4316268329675;Edel Mocca;Netto;;coffee_tea;EAN aus Buycott, nicht verifiziert;Buycott;2026-09-24
4316268424622;Café Latina;Netto;;coffee_tea;EAN aus Buycott, nicht verifiziert;Buycott;2026-09-24
4316268424745;Remoulade;Delique;;sauces_spices_condiments;EAN aus Buycott, nicht verifiziert;Buycott;2026-09-24
42287957;Naturalis Medium;Naturalis;;beverages_nonalcoholic;EAN aus Buycott, nicht verifiziert;Buycott;2026-09-24
42287940;Naturalis Still;Naturalis;;beverages_nonalcoholic;EAN aus Buycott, nicht verifiziert;Buycott;2026-09-24
42300663;Würze;Carat;;sauces_spices_condiments;EAN aus Buycott, nicht verifiziert;Buycott;2026-09-24
42151852;Zitrone;StarDrink;;beverages_nonalcoholic;EAN aus Buycott, nicht verifiziert;Buycott;2026-09-24
42173519;Bitter Lemon;StarDrink;;beverages_nonalcoholic;EAN aus Buycott, nicht verifiziert;Buycott;2026-09-24
42186830;Premium Pils;Schloss;;beverages_alcoholic;EAN aus Buycott, nicht verifiziert;Buycott;2026-09-24
4316268478212;Stapel-Chips Paprika;Clarkys;;snacks;EAN aus Buycott, nicht verifiziert;Buycott;2026-09-24
4316268430357;Sandwich Scheiben Weizen;American Style;;bakery;EAN aus Buycott, nicht verifiziert;Buycott;2026-09-24
4316268359498;Gefrierbeutel 3L;Priva;;household_cleaning;EAN aus Buycott, nicht verifiziert;Buycott;2026-09-24
4316268147361;Bayerischer Hausmachersenf;Delique;;sauces_spices_condiments;EAN aus Buycott, nicht verifiziert;Buycott;2026-09-24
4316268444217;Hafer-Drink;BioBio;;plant_based;EAN aus Buycott, nicht verifiziert;Buycott;2026-09-24
4316268447386;Früchtetee;BioBio;;coffee_tea;EAN aus Buycott, nicht verifiziert;Buycott;2026-09-24
4316268372015;Knoblauch;BioBio;;fruit_vegetables;EAN aus Buycott, nicht verifiziert;Buycott;2026-09-24
4316268447362;Kräutertee;BioBio;;coffee_tea;EAN aus Buycott, nicht verifiziert;Buycott;2026-09-24
4316268329484;Bergsalami geräuchert;BioBio;;meat_fish;EAN aus Buycott, nicht verifiziert;Buycott;2026-09-24
4316268440837;Erdnüsse;BioBio;;snacks;EAN aus Buycott, nicht verifiziert;Buycott;2026-09-24
4316268415958;Delikatess Wiener Würstchen;Gut Ponholz;;meat_fish;EAN aus Buycott, nicht verifiziert;Buycott;2026-09-24
4316268365710;Fleischrotwurst;Gut Ponholz;;meat_fish;EAN aus Buycott, nicht verifiziert;Buycott;2026-09-24
4316268327732;Paprika-Salami;Gut Ponholz;;meat_fish;EAN aus Buycott, nicht verifiziert;Buycott;2026-09-24
4316268359511;Leberwurst;Gut Ponholz;;meat_fish;EAN aus Buycott, nicht verifiziert;Buycott;2026-09-24
4316268383073;Hähnchen-Brustfilet;Gut Ponholz;;meat_fish;EAN aus Buycott, nicht verifiziert;Buycott;2026-09-24
4316268462082;Frikadellenbällchen;Gut Ponholz;;meat_fish;EAN aus Buycott, nicht verifiziert;Buycott;2026-09-24
4316268485548;Erdbeer Fruchtaufstrich;Symphonie;;sweets;EAN aus Buycott, nicht verifiziert;Buycott;2026-09-24
42186786;Edel Bier;Schloss;;beverages_alcoholic;EAN aus Buycott, nicht verifiziert;Buycott;2026-09-24
4316268178044;Sambal Oelek;Satori;;sauces_spices_condiments;EAN aus Buycott, nicht verifiziert;Buycott;2026-09-24
4316268166966;Trigger;Sugar Kiss;;sweets;EAN aus Buycott, nicht verifiziert;Buycott;2026-09-24
4316268402392;Feine Kaffee-Kränze;Biscoteria;;sweets;EAN aus Buycott, nicht verifiziert;Buycott;2026-09-24
42262060;Hofdammer Schnittkäse in Scheiben;BioBio;;cheese;EAN aus Buycott, nicht verifiziert;Buycott;2026-09-24
4316268470308;Balsam Taschentücher;Feeling;;paper_hygiene;EAN aus Buycott, nicht verifiziert;Buycott;2026-09-24
4316268360364;Erdnüsse im Teigmantel Paprika;Clarkys;;snacks;EAN aus Buycott, nicht verifiziert;Buycott;2026-09-24
4316268418713;Mini Brotchips;Clarkys;;snacks;EAN aus Buycott, nicht verifiziert;Buycott;2026-09-24
4316268455718;Kesselchips Salt & Vinegar;Clarkys;;snacks;EAN aus Buycott, nicht verifiziert;Buycott;2026-09-24
4316268423960;Cashew-Erdnuss-Mix Hot-Chili;Clarkys;;snacks;EAN aus Buycott, nicht verifiziert;Buycott;2026-09-24
4316268418706;Mini Brotchips Zwiebel;Clarkys;;snacks;EAN aus Buycott, nicht verifiziert;Buycott;2026-09-24
4316268455725;Kesselchips Sweet Chili;Clarkys;;snacks;EAN aus Buycott, nicht verifiziert;Buycott;2026-09-24
42255949;Dip Sauce;Clarkys;;sauces_spices_condiments;EAN aus Buycott, nicht verifiziert;Buycott;2026-09-24
4316268382007;Hähnchen-Kasseler;Viva Vital;;meat_fish;EAN aus Buycott, nicht verifiziert;Buycott;2026-09-24
4316268341073;Hähnchenbrust;Viva Vital;;meat_fish;EAN aus Buycott, nicht verifiziert;Buycott;2026-09-24
4316268476409;Tomaten- & Gemüse Mix;Viva Vital;;fruit_vegetables;EAN aus Buycott, nicht verifiziert;Buycott;2026-09-24
4316268338233;Pumpernickel;Viva Vital;;bakery;EAN aus Buycott, nicht verifiziert;Buycott;2026-09-24
4316268470155;Wellness-Flakes mit roten Früchten;Viva Vital;;breakfast_cereals;EAN aus Buycott, nicht verifiziert;Buycott;2026-09-24
4316268427609;Ganze Cranberries;Viva Vital;;snacks;EAN aus Buycott, nicht verifiziert;Buycott;2026-09-24
42157168;Joghurt mild Bircher Müsli;Viva Vital;;dairy;EAN aus Buycott, nicht verifiziert;Buycott;2026-09-24
4316268452915;Spaghetti mit Tomatensoße;Mondo Italiano;;canned_jarred;EAN aus Buycott, nicht verifiziert;Buycott;2026-09-24
4316268461450;Tortelloni;Mondo Italiano;;pasta_rice_grains;EAN aus Buycott, nicht verifiziert;Buycott;2026-09-24
4316268453332;Pizza Margherita;Mondo Italiano;;frozen;EAN aus Buycott, nicht verifiziert;Buycott;2026-09-24
4316268436823;Löffelbiskuits;Mondo Italiano;;sweets;EAN aus Buycott, nicht verifiziert;Buycott;2026-09-24
4316268461436;Tortellini Mortadella-Prosciutto;Mondo Italiano;;pasta_rice_grains;EAN aus Buycott, nicht verifiziert;Buycott;2026-09-24
4316268452038;Grana Padano;Mondo Italiano;;cheese;EAN aus Buycott, nicht verifiziert;Buycott;2026-09-24
4316268473620;Hafertaler;Netto;;sweets;EAN aus Buycott, nicht verifiziert;Buycott;2026-09-24
4316268411639;Kinder Croissants;Karli;;bakery;EAN aus Buycott, nicht verifiziert;Buycott;2026-09-24
4316268360920;Suppenwelt;Carat;;sauces_spices_condiments;EAN aus Buycott, nicht verifiziert;Buycott;2026-09-24
4316268407069;Hafercookies;BioBio;;sweets;EAN aus Buycott, nicht verifiziert;Buycott;2026-09-24
4316268385992;Pablo Trockenfutter;Netto;;pet;EAN aus Buycott, nicht verifiziert;Buycott;2026-09-24
4316268292917;Kerne-Mix;Viva Vital;;snacks;EAN aus Buycott, nicht verifiziert;Buycott;2026-09-24
4316268491020;Saure Bänder;Netto;;sweets;EAN aus Buycott, nicht verifiziert;Buycott;2026-09-24
4316268411844;Zitronensaft;Netto;;sauces_spices_condiments;EAN aus Buycott, nicht verifiziert;Buycott;2026-09-24
4316268474917;Hähnchenbrustfilet Roulade;Hofmaier;;meat_fish;EAN aus Buycott, nicht verifiziert;Buycott;2026-09-24
4316268469289;Wiener Würstchen;Hofmaier;;meat_fish;EAN aus Buycott, nicht verifiziert;Buycott;2026-09-24
4316268462662;Paprika-Salami;Hofmaier;;meat_fish;EAN aus Buycott, nicht verifiziert;Buycott;2026-09-24
4316268464581;Teewurst;Hofmaier;;meat_fish;EAN aus Buycott, nicht verifiziert;Buycott;2026-09-24
4316268463508;Paprika Lyoner;Hofmaier;;meat_fish;EAN aus Buycott, nicht verifiziert;Buycott;2026-09-24
4316268469661;Lachsschinken;Hofmaier;;meat_fish;EAN aus Buycott, nicht verifiziert;Buycott;2026-09-24
4316268429658;Joghurt mild aus Magermilch;Leichter Genuss;500 g;dairy;EAN aus Buycott, nicht verifiziert;Buycott;2026-09-24
4316268330190;Mozzarella leicht 8,5%;Leichter Genuss;;cheese;EAN aus Buycott, nicht verifiziert;Buycott;2026-09-24
4316268388245;Schwarze Johannisbeere Konfitüre Extra;Leichter Genuss;;sweets;EAN aus Buycott, nicht verifiziert;Buycott;2026-09-24
4316268417099;Entrahmte H-Milch;Leichter Genuss;;dairy;EAN aus Buycott, nicht verifiziert;Buycott;2026-09-24
4316268354950;Frischkäsezubereitung 4%;Leicht und Fit;;cheese;EAN aus Buycott, nicht verifiziert;Buycott;2026-09-24
4316268188012;Delikatess Putenbrust gegrillt;Leicht und Fit;;meat_fish;EAN aus Buycott, nicht verifiziert;Buycott;2026-09-24
4316268189941;Schokodrink;Leicht und Fit;;dairy;EAN aus Buycott, nicht verifiziert;Buycott;2026-09-24
4316268360746;Mehrkorn-Brötchen 3 Stück;Korn Mühle;;bakery;EAN aus Buycott, nicht verifiziert;Buycott;2026-09-24
4316268441100;Rosinenstuten;Korn Mühle;;bakery;EAN aus Buycott, nicht verifiziert;Buycott;2026-09-24
4316268499682;Getreidekissen nussig;Korn Mühle;;breakfast_cereals;EAN aus Buycott, nicht verifiziert;Buycott;2026-09-24
4316268499583;Schokochips;Korn Mühle;;breakfast_cereals;EAN aus Buycott, nicht verifiziert;Buycott;2026-09-24
4316268486743;Knusper Müsli Nuss;Korn Mühle;;breakfast_cereals;EAN aus Buycott, nicht verifiziert;Buycott;2026-09-24
4316268488099;5 Pita;Korn Mühle;;bakery;EAN aus Buycott, nicht verifiziert;Buycott;2026-09-24
4316268473507;Müsliriegel Cranberry;Korn Mühle;;snacks;EAN aus Buycott, nicht verifiziert;Buycott;2026-09-24
4316268468138;Reiswaffeln;Korn Mühle;;snacks;EAN aus Buycott, nicht verifiziert;Buycott;2026-09-24
4316268387224;4-Kornschnitte;Korn Mühle;;bakery;EAN aus Buycott, nicht verifiziert;Buycott;2026-09-24
4316268362443;Jodsalz mit Fluorid;Carat;;sauces_spices_condiments;EAN aus Buycott, nicht verifiziert;Buycott;2026-09-24
4316268449953;Spaghetti in Käse-Sahne-Sauce;Carat;;pasta_rice_grains;EAN aus Buycott, nicht verifiziert;Buycott;2026-09-24
4316268352956;Klare Gemüsebrühe;Carat;;sauces_spices_condiments;EAN aus Buycott, nicht verifiziert;Buycott;2026-09-24
4316268225564;Fix Spaghetti Bolognese;Carat;;sauces_spices_condiments;EAN aus Buycott, nicht verifiziert;Buycott;2026-09-24
4316268225571;Fix Broccoli Gratin;Carat;;sauces_spices_condiments;EAN aus Buycott, nicht verifiziert;Buycott;2026-09-24
4316268353519;Pasta con Spinaci;Mamma Gina;;pasta_rice_grains;EAN aus Buycott, nicht verifiziert;Buycott;2026-09-24
4316268387668;Penne Rigate;Mamma Gina;;pasta_rice_grains;EAN aus Buycott, nicht verifiziert;Buycott;2026-09-24
4316268415118;Prosciutto di Parma;Mamma Gina;;meat_fish;EAN aus Buycott, nicht verifiziert;Buycott;2026-09-24
4316268136839;Maccheroncini alla Parmigiana;Mamma Gina;;pasta_rice_grains;EAN aus Buycott, nicht verifiziert;Buycott;2026-09-24
4316268001571;Natives Olivenöl;Mamma Gina;;sauces_spices_condiments;EAN aus Buycott, nicht verifiziert;Buycott;2026-09-24
4316268336871;Pizza Edelsalami;Mamma Gina;;frozen;EAN aus Buycott, nicht verifiziert;Buycott;2026-09-24
4316268362092;Gnocchi;Mamma Gina;;pasta_rice_grains;EAN aus Buycott, nicht verifiziert;Buycott;2026-09-24
42299332;Kaffeeweißer;Gutes Land;;dairy;EAN aus Buycott, nicht verifiziert;Buycott;2026-09-24
4316268475181;Tilsiter in Scheiben 45%;Gutes Land;;cheese;EAN aus Buycott, nicht verifiziert;Buycott;2026-09-24
42306047;Milch Drink Typ Vanille;Gutes Land;;dairy;EAN aus Buycott, nicht verifiziert;Buycott;2026-09-24
4316268395366;Gouda Holland alt in Scheiben;Gutes Land;;cheese;EAN aus Buycott, nicht verifiziert;Buycott;2026-09-24
4316268470223;Obatzter;Gutes Land;;cheese;EAN aus Buycott, nicht verifiziert;Buycott;2026-09-24
4316268487252;Schoko Haselnuss Dessert;Gutes Land;;dairy;EAN aus Buycott, nicht verifiziert;Buycott;2026-09-24
4316268476096;Gouda jung;Gutes Land;;cheese;EAN aus Buycott, nicht verifiziert;Buycott;2026-09-24
4316268501835;Fruchtmolke;Gutes Land;;dairy;EAN aus Buycott, nicht verifiziert;Buycott;2026-09-24
4316268466202;6 Bunte Eier;Vom Land;;other;EAN aus Buycott, nicht verifiziert;Buycott;2026-09-24
4316268335911;Pommes Frites;Vom Land;;frozen;EAN aus Buycott, nicht verifiziert;Buycott;2026-09-24
4316268382342;18 Frische Eier;Vom Land;;other;EAN aus Buycott, nicht verifiziert;Buycott;2026-09-24
4316268316880;Land-Kaffee;Vom Land;;coffee_tea;EAN aus Buycott, nicht verifiziert;Buycott;2026-09-24
4316268339513;Schoko Waffelröllchen;Biscoteria;;sweets;EAN aus Buycott, nicht verifiziert;Buycott;2026-09-24
4316268384292;Stracciatella Kuchen;Biscoteria;;bakery;EAN aus Buycott, nicht verifiziert;Buycott;2026-09-24
4316268418928;Kuchenriegel Karamell;Biscoteria;;sweets;EAN aus Buycott, nicht verifiziert;Buycott;2026-09-24
4316268418812;Streuselkuchen;Biscoteria;;bakery;EAN aus Buycott, nicht verifiziert;Buycott;2026-09-24
4316268369855;Tortilla Chips Käse;Las Cuarenta;;snacks;EAN aus Buycott, nicht verifiziert;Buycott;2026-09-24
4316268369848;Tortilla Chips Chili;Las Cuarenta;;snacks;EAN aus Buycott, nicht verifiziert;Buycott;2026-09-24
4316268421898;Serrano Schinken;Las Cuarenta;;meat_fish;EAN aus Buycott, nicht verifiziert;Buycott;2026-09-24
4316268326261;Original Serrano-Schinken;Las Cuarenta;;meat_fish;EAN aus Buycott, nicht verifiziert;Buycott;2026-09-24
42132851;Kapern;Las Cuarenta;;canned_jarred;EAN aus Buycott, nicht verifiziert;Buycott;2026-09-24
4316268417914;Spanische Ringsalami;Las Cuarenta;;meat_fish;EAN aus Buycott, nicht verifiziert;Buycott;2026-09-24
4316268322126;Kapern mild-würzig;Las Cuarenta;;canned_jarred;EAN aus Buycott, nicht verifiziert;Buycott;2026-09-24
4316268340410;Haarschaum Volumen;Hairwell;;personal_care;EAN aus Buycott, nicht verifiziert;Buycott;2026-09-24
4316268358804;Pflege Shampoo Frucht & Vitamin;Hairwell;;personal_care;EAN aus Buycott, nicht verifiziert;Buycott;2026-09-24
4316268358781;Pflege Shampoo Kräuter & Vitamin;Hairwell;;personal_care;EAN aus Buycott, nicht verifiziert;Buycott;2026-09-24
4316268434362;Haarkur Color;Hairwell;;personal_care;EAN aus Buycott, nicht verifiziert;Buycott;2026-09-24
4316268359412;Color Haarkur;Hairwell;;personal_care;EAN aus Buycott, nicht verifiziert;Buycott;2026-09-24
4316268335126;Wet Gel;Hairwell;;personal_care;EAN aus Buycott, nicht verifiziert;Buycott;2026-09-24
4316268408431;Med Duschgel sensitiv;Pure & Basic;;personal_care;EAN aus Buycott, nicht verifiziert;Buycott;2026-09-24
4316268431668;Duschgel;Pure & Basic;;personal_care;EAN aus Buycott, nicht verifiziert;Buycott;2026-09-24
4316268358194;Melkfett Vitamin E;Pure & Basic;;personal_care;EAN aus Buycott, nicht verifiziert;Buycott;2026-09-24
4316268431569;Duschcreme;Pure & Basic;;personal_care;EAN aus Buycott, nicht verifiziert;Buycott;2026-09-24
4316268406963;Gesichtspflege;Pure & Basic;;personal_care;EAN aus Buycott, nicht verifiziert;Buycott;2026-09-24
4316268355278;Body & Massage Öl;Pure & Basic;;personal_care;EAN aus Buycott, nicht verifiziert;Buycott;2026-09-24
4316268357449;Duschgel Flower;Pure & Basic;;personal_care;EAN aus Buycott, nicht verifiziert;Buycott;2026-09-24
4316268002196;Pflegedusche;Pure & Basic;;personal_care;EAN aus Buycott, nicht verifiziert;Buycott;2026-09-24
4316268407625;Seifenpads;Priva;;household_cleaning;EAN aus Buycott, nicht verifiziert;Buycott;2026-09-24
4316268394765;WC Gel Ocean;Priva;;household_cleaning;EAN aus Buycott, nicht verifiziert;Buycott;2026-09-24
4316268473422;Einmal-Handschuhe;Priva;;household_cleaning;EAN aus Buycott, nicht verifiziert;Buycott;2026-09-24
4316268475976;Alpen Vollmilch Schokolade;Goutier;;sweets;EAN aus Buycott, nicht verifiziert;Buycott;2026-09-24
42150411;White Chocolate;Goutier;;sweets;EAN aus Buycott, nicht verifiziert;Buycott;2026-09-24
4316268337113;Trauben-Nussschokolade;Goutier;;sweets;EAN aus Buycott, nicht verifiziert;Buycott;2026-09-24
4316268338325;Feine Weiße Crisp Schokolade;Goutier;;sweets;EAN aus Buycott, nicht verifiziert;Buycott;2026-09-24
4316268167840;Zartbitter Schokolade;Goutier;;sweets;EAN aus Buycott, nicht verifiziert;Buycott;2026-09-24
4316268338387;Edelrahm-Schokolade;Goutier;;sweets;EAN aus Buycott, nicht verifiziert;Buycott;2026-09-24
4316268485388;Erfrischungsstäbchen;Goutier;;sweets;EAN aus Buycott, nicht verifiziert;Buycott;2026-09-24
4316268385954;Weinbrandbohnen;Goutier;;sweets;EAN aus Buycott, nicht verifiziert;Buycott;2026-09-24
4316268358552;Schoko-Brötchen;Jean Luc;;bakery;EAN aus Buycott, nicht verifiziert;Buycott;2026-09-24
4316268330787;Milchbrötchen;Jean Luc;;bakery;EAN aus Buycott, nicht verifiziert;Buycott;2026-09-24
4316268368599;Briochette;Jean Luc;;bakery;EAN aus Buycott, nicht verifiziert;Buycott;2026-09-24
4316268468053;Salami Sticks;Jean Luc;;meat_fish;EAN aus Buycott, nicht verifiziert;Buycott;2026-09-24
4316268418997;Salami luftgetrocknet französische Art;Jean Luc;;meat_fish;EAN aus Buycott, nicht verifiziert;Buycott;2026-09-24
4316268323598;Salami-Sticks pikant;Jean Luc;;meat_fish;EAN aus Buycott, nicht verifiziert;Buycott;2026-09-24
4316268052917;Salami-Sticks classic;Jean Luc;;meat_fish;EAN aus Buycott, nicht verifiziert;Buycott;2026-09-24
4316268432443;Mini Croissant;Jean Luc;;bakery;EAN aus Buycott, nicht verifiziert;Buycott;2026-09-24
4316268136051;Kamille;Captains Tea;;coffee_tea;EAN aus Buycott, nicht verifiziert;Buycott;2026-09-24
4316268136068;Pfefferminze;Captains Tea;;coffee_tea;EAN aus Buycott, nicht verifiziert;Buycott;2026-09-24
4316268336215;Hagebutte;Captains Tea;;coffee_tea;EAN aus Buycott, nicht verifiziert;Buycott;2026-09-24
4316268194976;Heidelbeere Vanille;Captains Tea;;coffee_tea;EAN aus Buycott, nicht verifiziert;Buycott;2026-09-24
4316268217019;Fenchel Anis Kümmel;Captains Tea;;coffee_tea;EAN aus Buycott, nicht verifiziert;Buycott;2026-09-24
4316268174787;Tee Kirsche-Joghurt;Captains Tea;;coffee_tea;EAN aus Buycott, nicht verifiziert;Buycott;2026-09-24
4316268496032;Bio Roggenmischbrötchen;Netto;;bakery;EAN aus Buycott, nicht verifiziert;Buycott;2026-09-24
4316268463126;Paprika-Salami;Hofmaier;;meat_fish;EAN aus Buycott, nicht verifiziert;Buycott;2026-09-24
4316268497138;Fassbrause;Netto;;beverages_nonalcoholic;EAN aus Buycott, nicht verifiziert;Buycott;2026-09-24
4316268499897;Soft Datteln entsteint;BioBio;;fruit_vegetables;EAN aus Buycott, nicht verifiziert;Buycott;2026-09-24
4316268462488;Bratwurst;Hofmaier;;meat_fish;EAN aus Buycott, nicht verifiziert;Buycott;2026-09-24
4316268444941;Bücklingsfilets;Dreimaster;;meat_fish;EAN aus Buycott, nicht verifiziert;Buycott;2026-09-24
42261902;Thunfisch-Filets;Dreimaster;;meat_fish;EAN aus Buycott, nicht verifiziert;Buycott;2026-09-24
4316268328951;Makrelenfilets in Tomatensauce;Dreimaster;;meat_fish;EAN aus Buycott, nicht verifiziert;Buycott;2026-09-24
4316268339131;Sardinen in Sonnenblumenöl;Dreimaster;;meat_fish;EAN aus Buycott, nicht verifiziert;Buycott;2026-09-24
4316268423540;Sardinen mit Chili;Dreimaster;;meat_fish;EAN aus Buycott, nicht verifiziert;Buycott;2026-09-24
4316268339100;Sardinenfilets;Dreimaster;;meat_fish;EAN aus Buycott, nicht verifiziert;Buycott;2026-09-24
4316268423557;Sardinen mit Zitrone;Dreimaster;;meat_fish;EAN aus Buycott, nicht verifiziert;Buycott;2026-09-24
4316268371858;Blockschokolade;Backfee;;baking;EAN aus Buycott, nicht verifiziert;Buycott;2026-09-24
4316268091633;Mandeln gemahlen;Backfee;;baking;EAN aus Buycott, nicht verifiziert;Buycott;2026-09-24
4316268339377;Zartbitter Kuvertüre;Backfee;;baking;EAN aus Buycott, nicht verifiziert;Buycott;2026-09-24
4316268365888;Feiner Schokokuchen;Backfee;;baking;EAN aus Buycott, nicht verifiziert;Buycott;2026-09-24
42200864;Zitronenlimonade;StarDrink;;beverages_nonalcoholic;EAN aus Buycott, nicht verifiziert;Buycott;2026-09-24
42151616;Orange;StarDrink;;beverages_nonalcoholic;EAN aus Buycott, nicht verifiziert;Buycott;2026-09-24
42173564;Apfelschorle;StarDrink;;beverages_nonalcoholic;EAN aus Buycott, nicht verifiziert;Buycott;2026-09-24
4316268370615;Eiskaffee;Maxima;;coffee_tea;EAN aus Buycott, nicht verifiziert;Buycott;2026-09-24
4316268491792;Family Cappuccino Karamell;Maxima;;coffee_tea;EAN aus Buycott, nicht verifiziert;Buycott;2026-09-24
4316268438742;Typ Cappuccino weniger süß;Maxima;;coffee_tea;EAN aus Buycott, nicht verifiziert;Buycott;2026-09-24
4316268476706;Sweet Chili Sauce;Satori;;sauces_spices_condiments;EAN aus Buycott, nicht verifiziert;Buycott;2026-09-24
4316268368841;Basmati-Reis;Satori;;pasta_rice_grains;EAN aus Buycott, nicht verifiziert;Buycott;2026-09-24
4316268476720;Hot Chili Sauce;Satori;;sauces_spices_condiments;EAN aus Buycott, nicht verifiziert;Buycott;2026-09-24
4316268456524;Gebratene Nudeln Ente;Satori;;frozen;EAN aus Buycott, nicht verifiziert;Buycott;2026-09-24
4316268467629;4 Frühlingsrollen;Satori;;frozen;EAN aus Buycott, nicht verifiziert;Buycott;2026-09-24
4316268429597;Thunfisch Thai Curry;Satori;;canned_jarred;EAN aus Buycott, nicht verifiziert;Buycott;2026-09-24
4316268476195;Pfannengemüse;Satori;;frozen;EAN aus Buycott, nicht verifiziert;Buycott;2026-09-24
4316268473767;Bami Goreng;Satori;;frozen;EAN aus Buycott, nicht verifiziert;Buycott;2026-09-24
4316268418263;Heimische Früchte;Fruchtstern;;beverages_nonalcoholic;EAN aus Buycott, nicht verifiziert;Buycott;2026-09-24
4316268361040;Ananas-Banane-Kokos;Fruchtstern;;beverages_nonalcoholic;EAN aus Buycott, nicht verifiziert;Buycott;2026-09-24
4316268322775;Schwarzer Johannisbeer Nektar;Fruchtstern;;beverages_nonalcoholic;EAN aus Buycott, nicht verifiziert;Buycott;2026-09-24
4316268363310;Zitrone;Fruchtstern;;beverages_nonalcoholic;EAN aus Buycott, nicht verifiziert;Buycott;2026-09-24
4316268500166;Bananennektar;Fruchtstern;;beverages_nonalcoholic;EAN aus Buycott, nicht verifiziert;Buycott;2026-09-24
4316268404037;Premium Ananassaft;Fruchtstern;;beverages_nonalcoholic;EAN aus Buycott, nicht verifiziert;Buycott;2026-09-24
4316268415248;Johannisbeere;Fruchtstern;;beverages_nonalcoholic;EAN aus Buycott, nicht verifiziert;Buycott;2026-09-24
4316268370431;Smoothie;Fruchtstern;;beverages_nonalcoholic;EAN aus Buycott, nicht verifiziert;Buycott;2026-09-24
4316268448895;Vitamin C Brausetabletten;ProLife;;personal_care;EAN aus Buycott, nicht verifiziert;Buycott;2026-09-24
4316268448857;Calcium Brausetabletten Pfirsich-Maracuja;ProLife;;personal_care;EAN aus Buycott, nicht verifiziert;Buycott;2026-09-24
4316268438391;Omega-3 Kapseln;ProLife;;personal_care;EAN aus Buycott, nicht verifiziert;Buycott;2026-09-24
4316268383981;Heißgetränk Salbei Honig;ProLife;;coffee_tea;EAN aus Buycott, nicht verifiziert;Buycott;2026-09-24
4316268332996;Magnesium plus Calcium;ProLife;;personal_care;EAN aus Buycott, nicht verifiziert;Buycott;2026-09-24
4316268383929;Multivitamin;ProLife;;personal_care;EAN aus Buycott, nicht verifiziert;Buycott;2026-09-24
4316268383868;Calcium & Magnesium Direkt-Sticks;ProLife;;personal_care;EAN aus Buycott, nicht verifiziert;Buycott;2026-09-24
4316268436618;Frische Schupfnudeln;Albhof;;pasta_rice_grains;EAN aus Buycott, nicht verifiziert;Buycott;2026-09-24
4316268328524;Buchstabennudeln;Albhof;;pasta_rice_grains;EAN aus Buycott, nicht verifiziert;Buycott;2026-09-24
4316268339414;Spaghetti;Albhof;;pasta_rice_grains;EAN aus Buycott, nicht verifiziert;Buycott;2026-09-24
4316268328500;Bandnudeln;Albhof;;pasta_rice_grains;EAN aus Buycott, nicht verifiziert;Buycott;2026-09-24
4316268386364;Frischei-Nudeln;Albhof;;pasta_rice_grains;EAN aus Buycott, nicht verifiziert;Buycott;2026-09-24
4316268429238;Buchstabennudeln;Albhof;;pasta_rice_grains;EAN aus Buycott, nicht verifiziert;Buycott;2026-09-24
4316268429290;Maccaronelli;Albhof;;pasta_rice_grains;EAN aus Buycott, nicht verifiziert;Buycott;2026-09-24
4316268395533;Gewalzte Bandnudeln schmal;Albhof;;pasta_rice_grains;EAN aus Buycott, nicht verifiziert;Buycott;2026-09-24
4316268479714;Knabber Snack;Karli Kugelblitz;;snacks;EAN aus Buycott, nicht verifiziert;Buycott;2026-09-24
4316268370486;Kinderäpfel Red Prince;Karli Kugelblitz;;fruit_vegetables;EAN aus Buycott, nicht verifiziert;Buycott;2026-09-24
4316268335560;Toilettenpapier 3-lagig;Favora;;paper_hygiene;EAN aus Buycott, nicht verifiziert;Buycott;2026-09-24
4316268304788;Feuchtes Toilettenpapier;Favora;;paper_hygiene;EAN aus Buycott, nicht verifiziert;Buycott;2026-09-24
4316268326841;Recycling-Toilettenpapier;Favora;;paper_hygiene;EAN aus Buycott, nicht verifiziert;Buycott;2026-09-24
4316268459280;Hugo Holunderblüte Minze;Cavelli;;beverages_alcoholic;EAN aus Buycott, nicht verifiziert;Buycott;2026-09-24
4316268324588;Lieblich Rotwein;Cavelli;;beverages_alcoholic;EAN aus Buycott, nicht verifiziert;Buycott;2026-09-24
4316268411257;Spätburgunder halbtrocken;Cavelli;;beverages_alcoholic;EAN aus Buycott, nicht verifiziert;Buycott;2026-09-24
4316268459457;Dornfelder;Cavelli;;beverages_alcoholic;EAN aus Buycott, nicht verifiziert;Buycott;2026-09-24
4316268366441;Chardonnay delle Venezie;Cavelli;;beverages_alcoholic;EAN aus Buycott, nicht verifiziert;Buycott;2026-09-24
4316268500883;Agaven Dicksaft;BioBio;;sweets;EAN aus Buycott, nicht verifiziert;Buycott;2026-09-24
42297406;Streichcreme Paprika-Zucchini-Tomate;BioBio;;plant_based;EAN aus Buycott, nicht verifiziert;Buycott;2026-09-24
4316268497220;Knusper Dinkel Müsli;BioBio;;breakfast_cereals;EAN aus Buycott, nicht verifiziert;Buycott;2026-09-24
4316268374729;Speisekartoffeln;BioBio;;fruit_vegetables;EAN aus Buycott, nicht verifiziert;Buycott;2026-09-24
4316268370653;Handkäse;BioBio;;cheese;EAN aus Buycott, nicht verifiziert;Buycott;2026-09-24
4316268461931;Schwarze Johannisbeerkonfitüre extra;Netto;;sweets;EAN aus Buycott, nicht verifiziert;Buycott;2026-09-24
4316268358590;Butter Brioche;Netto;;bakery;EAN aus Buycott, nicht verifiziert;Buycott;2026-09-24
4316268416122;Junger Spinat gehackt;Beste Ernte;;frozen;EAN aus Buycott, nicht verifiziert;Buycott;2026-09-24
4316268478366;H-Schmand;Netto;;dairy;EAN aus Buycott, nicht verifiziert;Buycott;2026-09-24
4316268345620;Mandarinen-Quark Schnitten;Sweet Delight;;bakery;EAN aus Buycott, nicht verifiziert;Buycott;2026-09-24
4316268481373;Kartoffelsalat Essig & Öl;Fürstenkrone;;other;EAN aus Buycott, nicht verifiziert;Buycott;2026-09-24
4316268140980;Bunter Rohkostsalat;Fürstenkrone;;fruit_vegetables;EAN aus Buycott, nicht verifiziert;Buycott;2026-09-24
4316268002318;Gurkensalat;Fürstenkrone;;canned_jarred;EAN aus Buycott, nicht verifiziert;Buycott;2026-09-24
4316268358842;Traubenzucker;Day Plus;;sweets;EAN aus Buycott, nicht verifiziert;Buycott;2026-09-24
4316268181464;Joghurt Drink;Day Plus;;dairy;EAN aus Buycott, nicht verifiziert;Buycott;2026-09-24
4316268388122;Hühnerfrikassee;Dinner Gold;;canned_jarred;EAN aus Buycott, nicht verifiziert;Buycott;2026-09-24
4316268332408;Mozzarella Sticks;Dinner Gold;;frozen;EAN aus Buycott, nicht verifiziert;Buycott;2026-09-24
42128823;Heringsfilet in Tomaten-Creme;Sealuxe;;meat_fish;EAN aus Buycott, nicht verifiziert;Buycott;2026-09-24
4316268454988;White Tiger Garnelen;Sealuxe;;frozen;EAN aus Buycott, nicht verifiziert;Buycott;2026-09-24
